database,name,Agency ID,Resource ID,Latest Version,Unique ID
IMF.RES.GEE:GEE_LIVE_2020_APR_GAS3B_VINTAGE,GEE Live 2020 April GAS3b,IMF.RES.GEE,GEE_LIVE_2020_APR_GAS3B_VINTAGE,1.0.0,IMF.RES.GEE:GEE_LIVE_2020_APR_GAS3B_VINTAGE(1.0.0)
IMF.RES.GAS:GAS_LIVE_2013_APR_FINAL_VINTAGE,GAS Live 2013 April Final,IMF.RES.GAS,GAS_LIVE_2013_APR_FINAL_VINTAGE,1.0.0,IMF.RES.GAS:GAS_LIVE_2013_APR_FINAL_VINTAGE(1.0.0)
IMF.RES.GEE:GEE_LIVE_2020_APR_GAS2B_VINTAGE,GEE Live 2020 April GAS2b,IMF.RES.GEE,GEE_LIVE_2020_APR_GAS2B_VINTAGE,1.0.0,IMF.RES.GEE:GEE_LIVE_2020_APR_GAS2B_VINTAGE(1.0.0)
IMF.RES.GAS:GAS_LIVE_2010_OCT_FINAL_VINTAGE,GAS Live 2010 October Final,IMF.RES.GAS,GAS_LIVE_2010_OCT_FINAL_VINTAGE,1.0.0,IMF.RES.GAS:GAS_LIVE_2010_OCT_FINAL_VINTAGE(1.0.0)
IMF.RES.GEE:GEE_LIVE_2022_JUL_GAS1B_VINTAGE,GEE Live 2022 July GAS1b,IMF.RES.GEE,GEE_LIVE_2022_JUL_GAS1B_VINTAGE,1.0.0,IMF.RES.GEE:GEE_LIVE_2022_JUL_GAS1B_VINTAGE(1.0.0)
IMF.STA:PPI_2026_APR_VINTAGE,Producer Price Index (PPI) 2026 April,IMF.STA,PPI_2026_APR_VINTAGE,1.0.0,IMF.STA:PPI_2026_APR_VINTAGE(1.0.0)
IMF.RES.GAS:GAS_LIVE_2026_APR_GAS2_VINTAGE,GAS Live 2026 April GAS2,IMF.RES.GAS,GAS_LIVE_2026_APR_GAS2_VINTAGE,1.0.0,IMF.RES.GAS:GAS_LIVE_2026_APR_GAS2_VINTAGE(1.0.0)
IMF.RES.GEE:GEE_LIVE_2018_OCT_GAS3_VINTAGE,GEE Live 2018 October GAS3,IMF.RES.GEE,GEE_LIVE_2018_OCT_GAS3_VINTAGE,1.0.0,IMF.RES.GEE:GEE_LIVE_2018_OCT_GAS3_VINTAGE(1.0.0)
IMF.RES.GAS:GAS_LIVE_2010_JUN_GAS1_VINTAGE,GAS Live 2010 June GAS1,IMF.RES.GAS,GAS_LIVE_2010_JUN_GAS1_VINTAGE,1.0.0,IMF.RES.GAS:GAS_LIVE_2010_JUN_GAS1_VINTAGE(1.0.0)
IMF.STA:PPI_2026_FEB_VINTAGE,Producer Price Index (PPI) 2026 February,IMF.STA,PPI_2026_FEB_VINTAGE,1.0.0,IMF.STA:PPI_2026_FEB_VINTAGE(1.0.0)
IMF.RES.GAS:GAS_LIVE_2016_APR_GAS2_VINTAGE,GAS Live 2016 April GAS2,IMF.RES.GAS,GAS_LIVE_2016_APR_GAS2_VINTAGE,1.0.0,IMF.RES.GAS:GAS_LIVE_2016_APR_GAS2_VINTAGE(1.0.0)
IMF.RES.GAS:GAS_LIVE_2013_JUL_GAS1_VINTAGE,GAS Live 2013 July GAS1,IMF.RES.GAS,GAS_LIVE_2013_JUL_GAS1_VINTAGE,1.0.0,IMF.RES.GAS:GAS_LIVE_2013_JUL_GAS1_VINTAGE(1.0.0)
IMF.RES.GEE:GEE_LIVE_2022_JUL_GAS1_VINTAGE,GEE Live 2022 July GAS1,IMF.RES.GEE,GEE_LIVE_2022_JUL_GAS1_VINTAGE,1.0.0,IMF.RES.GEE:GEE_LIVE_2022_JUL_GAS1_VINTAGE(1.0.0)
IMF.RES.GAS:GAS_LIVE_2019_OCT_GAS3_VINTAGE,GAS Live 2019 October GAS3,IMF.RES.GAS,GAS_LIVE_2019_OCT_GAS3_VINTAGE,1.0.0,IMF.RES.GAS:GAS_LIVE_2019_OCT_GAS3_VINTAGE(1.0.0)
IMF.RES.WEO:WEO_LIVE_2020_JAN_ICP2017PPP_VINTAGE,WEO Live 2020 January (ICP2017PPP Weights),IMF.RES.WEO,WEO_LIVE_2020_JAN_ICP2017PPP_VINTAGE,1.0.0,IMF.RES.WEO:WEO_LIVE_2020_JAN_ICP2017PPP_VINTAGE(1.0.0)
IMF.RES.GAS:GAS_LIVE_2020_OCT_GAS3_VINTAGE,GAS Live 2020 October GAS3,IMF.RES.GAS,GAS_LIVE_2020_OCT_GAS3_VINTAGE,1.0.0,IMF.RES.GAS:GAS_LIVE_2020_OCT_GAS3_VINTAGE(1.0.0)
IMF.STA:MFS_OFC_2026_APR_VINTAGE,"Monetary and Financial Statistics (MFS), Other Financial Corporations 2026 April",IMF.STA,MFS_OFC_2026_APR_VINTAGE,1.0.0,IMF.STA:MFS_OFC_2026_APR_VINTAGE(1.0.0)
IMF.RES.GAS:GAS_LIVE_2012_OCT_GAS2_VINTAGE,GAS Live 2012 October GAS2,IMF.RES.GAS,GAS_LIVE_2012_OCT_GAS2_VINTAGE,1.0.0,IMF.RES.GAS:GAS_LIVE_2012_OCT_GAS2_VINTAGE(1.0.0)
IMF.RES.GAS:GAS_LIVE_2014_APR_FINAL_VINTAGE,GAS Live 2014 April Final,IMF.RES.GAS,GAS_LIVE_2014_APR_FINAL_VINTAGE,1.0.0,IMF.RES.GAS:GAS_LIVE_2014_APR_FINAL_VINTAGE(1.0.0)
IMF.STA:CPI_WCA_2026_JAN_VINTAGE,"Consumer Price Index (CPI), World and Country Aggregates (CPI_WCA) 2026 January",IMF.STA,CPI_WCA_2026_JAN_VINTAGE,1.0.0,IMF.STA:CPI_WCA_2026_JAN_VINTAGE(1.0.0)
IMF.STA:LS_2026_APR_VINTAGE,Labor Statistics (LS) 2026 April,IMF.STA,LS_2026_APR_VINTAGE,1.0.0,IMF.STA:LS_2026_APR_VINTAGE(1.0.0)
IMF.RES.WEO:WEO_LIVE_1996_MAY_VINTAGE,WEO Live 1996 May,IMF.RES.WEO,WEO_LIVE_1996_MAY_VINTAGE,1.0.0,IMF.RES.WEO:WEO_LIVE_1996_MAY_VINTAGE(1.0.0)
IMF.RES.GAS:GAS_LIVE_2012_APR_FINAL_VINTAGE,GAS Live 2012 April Final,IMF.RES.GAS,GAS_LIVE_2012_APR_FINAL_VINTAGE,1.0.0,IMF.RES.GAS:GAS_LIVE_2012_APR_FINAL_VINTAGE(1.0.0)
IMF.RES.GEE:GEE_LIVE_2015_APR_GAS2_VINTAGE,GEE Live 2015 April GAS2,IMF.RES.GEE,GEE_LIVE_2015_APR_GAS2_VINTAGE,1.0.0,IMF.RES.GEE:GEE_LIVE_2015_APR_GAS2_VINTAGE(1.0.0)
IMF.RES.GEE:GEE_LIVE_2021_OCT_GAS2_VINTAGE,GEE Live 2021 October GAS2,IMF.RES.GEE,GEE_LIVE_2021_OCT_GAS2_VINTAGE,1.0.0,IMF.RES.GEE:GEE_LIVE_2021_OCT_GAS2_VINTAGE(1.0.0)
IMF.STA:MFS_DC_2026_FEB_VINTAGE,"Monetary and Financial Statistics (MFS), Depository Corporations 2026 February",IMF.STA,MFS_DC_2026_FEB_VINTAGE,1.0.0,IMF.STA:MFS_DC_2026_FEB_VINTAGE(1.0.0)
IMF.STA:QGFS_2026_JAN_VINTAGE,Quarterly Government Finance Statistics (QGFS) 2026 January,IMF.STA,QGFS_2026_JAN_VINTAGE,1.0.0,IMF.STA:QGFS_2026_JAN_VINTAGE(1.0.0)
IMF.STA:MFS_ODC_2026_FEB_VINTAGE,"Monetary and Financial Statistics (MFS), Other Depository Corporations 2026 February",IMF.STA,MFS_ODC_2026_FEB_VINTAGE,1.0.0,IMF.STA:MFS_ODC_2026_FEB_VINTAGE(1.0.0)
IMF.RES.GAS:GAS_LIVE_2015_APR_FINAL_VINTAGE,GAS Live 2015 April Final,IMF.RES.GAS,GAS_LIVE_2015_APR_FINAL_VINTAGE,1.0.0,IMF.RES.GAS:GAS_LIVE_2015_APR_FINAL_VINTAGE(1.0.0)
IMF.STA:QGDP_WCA_2026_FEB_VINTAGE,"Quarterly Gross Domestic Product (GDP), World and Country Aggregates 2026 February",IMF.STA,QGDP_WCA_2026_FEB_VINTAGE,1.0.0,IMF.STA:QGDP_WCA_2026_FEB_VINTAGE(1.0.0)
IMF.RES.GEE:GEE_LIVE_2017_JAN_GAS1_VINTAGE,GEE Live 2017 January GAS1,IMF.RES.GEE,GEE_LIVE_2017_JAN_GAS1_VINTAGE,1.0.0,IMF.RES.GEE:GEE_LIVE_2017_JAN_GAS1_VINTAGE(1.0.0)
IMF.RES.WEO:WEO_LIVE_1998_OCT_VINTAGE,WEO Live 1998 October,IMF.RES.WEO,WEO_LIVE_1998_OCT_VINTAGE,1.0.0,IMF.RES.WEO:WEO_LIVE_1998_OCT_VINTAGE(1.0.0)
IMF.RES.WEO:WEO_LIVE_1995_MAY_VINTAGE,WEO Live 1995 May,IMF.RES.WEO,WEO_LIVE_1995_MAY_VINTAGE,1.0.0,IMF.RES.WEO:WEO_LIVE_1995_MAY_VINTAGE(1.0.0)
IMF.RES.WEO:WEO_LIVE_2010_JAN_VINTAGE,WEO Live 2010 January,IMF.RES.WEO,WEO_LIVE_2010_JAN_VINTAGE,1.0.0,IMF.RES.WEO:WEO_LIVE_2010_JAN_VINTAGE(1.0.0)
IMF.RES.GEE:GEE_LIVE_2004_SEP_FINAL_VINTAGE,GEE Live 2004 September Final,IMF.RES.GEE,GEE_LIVE_2004_SEP_FINAL_VINTAGE,1.0.0,IMF.RES.GEE:GEE_LIVE_2004_SEP_FINAL_VINTAGE(1.0.0)
IMF.STA:IIP_2026_APR_VINTAGE,International Investment Position (IIP) 2026 April,IMF.STA,IIP_2026_APR_VINTAGE,1.0.0,IMF.STA:IIP_2026_APR_VINTAGE(1.0.0)
IMF.RES.GAS:GAS_LIVE_2020_APR_GAS3_VINTAGE,GAS Live 2020 April GAS3,IMF.RES.GAS,GAS_LIVE_2020_APR_GAS3_VINTAGE,1.0.0,IMF.RES.GAS:GAS_LIVE_2020_APR_GAS3_VINTAGE(1.0.0)
IMF.RES.GAS:GAS_LIVE_2013_JAN_GAS1_VINTAGE,GAS Live 2013 January GAS1,IMF.RES.GAS,GAS_LIVE_2013_JAN_GAS1_VINTAGE,1.0.0,IMF.RES.GAS:GAS_LIVE_2013_JAN_GAS1_VINTAGE(1.0.0)
IMF.RES.GAS:GAS_LIVE_2013_OCT_FINAL_VINTAGE,GAS Live 2013 October Final,IMF.RES.GAS,GAS_LIVE_2013_OCT_FINAL_VINTAGE,1.0.0,IMF.RES.GAS:GAS_LIVE_2013_OCT_FINAL_VINTAGE(1.0.0)
IMF.STA:ANEA_2026_APR_VINTAGE,"National Economic Accounts (NEA), Annual Data 2026 April",IMF.STA,ANEA_2026_APR_VINTAGE,1.0.0,IMF.STA:ANEA_2026_APR_VINTAGE(1.0.0)
IMF.RES.GAS:GAS_LIVE_2012_OCT_FINAL_VINTAGE,GAS Live 2012 October Final,IMF.RES.GAS,GAS_LIVE_2012_OCT_FINAL_VINTAGE,1.0.0,IMF.RES.GAS:GAS_LIVE_2012_OCT_FINAL_VINTAGE(1.0.0)
IMF.RES.GAS:GAS_LIVE_2023_JAN_GAS1_VINTAGE,GAS Live 2023 January GAS1,IMF.RES.GAS,GAS_LIVE_2023_JAN_GAS1_VINTAGE,1.0.0,IMF.RES.GAS:GAS_LIVE_2023_JAN_GAS1_VINTAGE(1.0.0)
IMF.RES.GAS:GAS_LIVE_2017_JUL_GAS1_VINTAGE,GAS Live 2017 July GAS1,IMF.RES.GAS,GAS_LIVE_2017_JUL_GAS1_VINTAGE,1.0.0,IMF.RES.GAS:GAS_LIVE_2017_JUL_GAS1_VINTAGE(1.0.0)
IMF.STA:ANEA_2026_FEB_VINTAGE,"National Economic Accounts (NEA), Annual Data 2026 February",IMF.STA,ANEA_2026_FEB_VINTAGE,1.0.0,IMF.STA:ANEA_2026_FEB_VINTAGE(1.0.0)
IMF.STA:MFS_FC_2026_APR_VINTAGE,"Monetary and Financial Statistics (MFS), Financial Corporations 2026 April",IMF.STA,MFS_FC_2026_APR_VINTAGE,1.0.0,IMF.STA:MFS_FC_2026_APR_VINTAGE(1.0.0)
IMF.RES.GEE:GEE_LIVE_2022_APR_GAS3B_VINTAGE,GEE Live 2022 April GAS3b,IMF.RES.GEE,GEE_LIVE_2022_APR_GAS3B_VINTAGE,1.0.0,IMF.RES.GEE:GEE_LIVE_2022_APR_GAS3B_VINTAGE(1.0.0)
IMF.RES.GEE:GEE_LIVE_2003_SEP_FINAL_VINTAGE,GEE Live 2003 September Final,IMF.RES.GEE,GEE_LIVE_2003_SEP_FINAL_VINTAGE,1.0.0,IMF.RES.GEE:GEE_LIVE_2003_SEP_FINAL_VINTAGE(1.0.0)
IMF.RES.GAS:GAS_LIVE_2012_APR_GAS2_VINTAGE,GAS Live 2012 April GAS2,IMF.RES.GAS,GAS_LIVE_2012_APR_GAS2_VINTAGE,1.0.0,IMF.RES.GAS:GAS_LIVE_2012_APR_GAS2_VINTAGE(1.0.0)
IMF.RES.GEE:GEE_LIVE_2020_JUN_FINAL_VINTAGE,GEE Live 2020 June Final,IMF.RES.GEE,GEE_LIVE_2020_JUN_FINAL_VINTAGE,1.0.0,IMF.RES.GEE:GEE_LIVE_2020_JUN_FINAL_VINTAGE(1.0.0)
IMF.RES.GEE:GEE_LIVE_2009_OCT_FINAL_VINTAGE,GEE Live 2009 October Final,IMF.RES.GEE,GEE_LIVE_2009_OCT_FINAL_VINTAGE,1.0.0,IMF.RES.GEE:GEE_LIVE_2009_OCT_FINAL_VINTAGE(1.0.0)
IMF.RES.WEO:WEO_LIVE_1999_APR_VINTAGE,WEO Live 1999 April,IMF.RES.WEO,WEO_LIVE_1999_APR_VINTAGE,1.0.0,IMF.RES.WEO:WEO_LIVE_1999_APR_VINTAGE(1.0.0)
IMF.RES.GAS:GAS_LIVE_2014_OCT_FINAL_VINTAGE,GAS Live 2014 October Final,IMF.RES.GAS,GAS_LIVE_2014_OCT_FINAL_VINTAGE,1.0.0,IMF.RES.GAS:GAS_LIVE_2014_OCT_FINAL_VINTAGE(1.0.0)
IMF.RES:WEO_2025_OCT_VINTAGE,World Economic Outlook (WEO) 2025 October,IMF.RES,WEO_2025_OCT_VINTAGE,1.0.0,IMF.RES:WEO_2025_OCT_VINTAGE(1.0.0)
IMF.STA:LS_2026_FEB_VINTAGE,Labor Statistics (LS) 2026 February,IMF.STA,LS_2026_FEB_VINTAGE,1.0.0,IMF.STA:LS_2026_FEB_VINTAGE(1.0.0)
IMF.STA:MFS_FC_2026_FEB_VINTAGE,"Monetary and Financial Statistics (MFS), Financial Corporations 2026 February",IMF.STA,MFS_FC_2026_FEB_VINTAGE,1.0.0,IMF.STA:MFS_FC_2026_FEB_VINTAGE(1.0.0)
IMF.RES.GAS:GAS_LIVE_2019_APR_GAS3_VINTAGE,GAS Live 2019 April GAS3,IMF.RES.GAS,GAS_LIVE_2019_APR_GAS3_VINTAGE,1.0.0,IMF.RES.GAS:GAS_LIVE_2019_APR_GAS3_VINTAGE(1.0.0)
IMF.RES.GEE:GEE_LIVE_2021_APR_GAS2_VINTAGE,GEE Live 2021 April GAS2,IMF.RES.GEE,GEE_LIVE_2021_APR_GAS2_VINTAGE,1.0.0,IMF.RES.GEE:GEE_LIVE_2021_APR_GAS2_VINTAGE(1.0.0)
IMF.STA:MFS_ODC_2026_APR_VINTAGE,"Monetary and Financial Statistics (MFS), Other Depository Corporations 2026 April",IMF.STA,MFS_ODC_2026_APR_VINTAGE,1.0.0,IMF.STA:MFS_ODC_2026_APR_VINTAGE(1.0.0)
IMF.RES.WEO:WEO_LIVE_2002_APR_VINTAGE,WEO Live 2002 April,IMF.RES.WEO,WEO_LIVE_2002_APR_VINTAGE,1.0.0,IMF.RES.WEO:WEO_LIVE_2002_APR_VINTAGE(1.0.0)
IMF.RES.GAS:GAS_LIVE_2019_OCT_GAS3B_VINTAGE,GAS Live 2019 October GAS3b,IMF.RES.GAS,GAS_LIVE_2019_OCT_GAS3B_VINTAGE,1.0.0,IMF.RES.GAS:GAS_LIVE_2019_OCT_GAS3B_VINTAGE(1.0.0)
IMF.RES.GEE:GEE_LIVE_2023_APR_GAS3B_VINTAGE,GEE Live 2023 April GAS3b,IMF.RES.GEE,GEE_LIVE_2023_APR_GAS3B_VINTAGE,1.0.0,IMF.RES.GEE:GEE_LIVE_2023_APR_GAS3B_VINTAGE(1.0.0)
IMF.STA:IIP_2026_FEB_VINTAGE,International Investment Position (IIP) 2026 February,IMF.STA,IIP_2026_FEB_VINTAGE,1.0.0,IMF.STA:IIP_2026_FEB_VINTAGE(1.0.0)
IMF.RES.GEE:GEE_LIVE_2017_JAN_FINAL_VINTAGE,GEE Live 2017 January Final,IMF.RES.GEE,GEE_LIVE_2017_JAN_FINAL_VINTAGE,1.0.0,IMF.RES.GEE:GEE_LIVE_2017_JAN_FINAL_VINTAGE(1.0.0)
IMF.RES.GEE:GEE_LIVE_2025_APR_GAS3B_VINTAGE,GEE Live 2025 April GAS3b,IMF.RES.GEE,GEE_LIVE_2025_APR_GAS3B_VINTAGE,1.0.0,IMF.RES.GEE:GEE_LIVE_2025_APR_GAS3B_VINTAGE(1.0.0)
IMF.RES.WEO:WEO_LIVE_2019_APR_VINTAGE,WEO Live 2019 April,IMF.RES.WEO,WEO_LIVE_2019_APR_VINTAGE,1.0.0,IMF.RES.WEO:WEO_LIVE_2019_APR_VINTAGE(1.0.0)
IMF.STA:IIP_2026_JAN_VINTAGE,International Investment Position (IIP) 2026 January,IMF.STA,IIP_2026_JAN_VINTAGE,1.0.0,IMF.STA:IIP_2026_JAN_VINTAGE(1.0.0)
IMF.RES.GEE:GEE_LIVE_2016_OCT_GAS2_VINTAGE,GEE Live 2016 October GAS2,IMF.RES.GEE,GEE_LIVE_2016_OCT_GAS2_VINTAGE,1.0.0,IMF.RES.GEE:GEE_LIVE_2016_OCT_GAS2_VINTAGE(1.0.0)
IMF.RES.WEO:WEO_LIVE_2019_OCT_ICP2017PPP_VINTAGE,WEO Live 2019 October (ICP2017PPP Weights),IMF.RES.WEO,WEO_LIVE_2019_OCT_ICP2017PPP_VINTAGE,1.0.0,IMF.RES.WEO:WEO_LIVE_2019_OCT_ICP2017PPP_VINTAGE(1.0.0)
IMF.RES.GAS:GAS_LIVE_2025_OCT_FINAL_VINTAGE,GAS Live 2025 October Final,IMF.RES.GAS,GAS_LIVE_2025_OCT_FINAL_VINTAGE,1.0.0,IMF.RES.GAS:GAS_LIVE_2025_OCT_FINAL_VINTAGE(1.0.0)
IMF.RES.GAS:GAS_LIVE_2021_APR_GAS2_VINTAGE,GAS Live 2021 April GAS2,IMF.RES.GAS,GAS_LIVE_2021_APR_GAS2_VINTAGE,1.0.0,IMF.RES.GAS:GAS_LIVE_2021_APR_GAS2_VINTAGE(1.0.0)
IMF.RES.GEE:GEE_LIVE_2024_OCT_GAS3_VINTAGE,GEE Live 2024 October GAS3,IMF.RES.GEE,GEE_LIVE_2024_OCT_GAS3_VINTAGE,1.0.0,IMF.RES.GEE:GEE_LIVE_2024_OCT_GAS3_VINTAGE(1.0.0)
IMF.RES.WEO:WEO_LIVE_1999_SEP_VINTAGE,WEO Live 1999 September,IMF.RES.WEO,WEO_LIVE_1999_SEP_VINTAGE,1.0.0,IMF.RES.WEO:WEO_LIVE_1999_SEP_VINTAGE(1.0.0)
IMF.RES.GAS:GAS_LIVE_2014_OCT_GAS3_VINTAGE,GAS Live 2014 October GAS3,IMF.RES.GAS,GAS_LIVE_2014_OCT_GAS3_VINTAGE,1.0.0,IMF.RES.GAS:GAS_LIVE_2014_OCT_GAS3_VINTAGE(1.0.0)
IMF.RES.GAS:GAS_LIVE_2018_APR_GAS3_VINTAGE,GAS Live 2018 April GAS3,IMF.RES.GAS,GAS_LIVE_2018_APR_GAS3_VINTAGE,1.0.0,IMF.RES.GAS:GAS_LIVE_2018_APR_GAS3_VINTAGE(1.0.0)
IMF.RES.WEO:WEO_LIVE_1997_MAY_VINTAGE,WEO Live 1997 May,IMF.RES.WEO,WEO_LIVE_1997_MAY_VINTAGE,1.0.0,IMF.RES.WEO:WEO_LIVE_1997_MAY_VINTAGE(1.0.0)
IMF.STA:IL_2026_JAN_VINTAGE,International Liquidity (IL) 2026 January,IMF.STA,IL_2026_JAN_VINTAGE,1.0.0,IMF.STA:IL_2026_JAN_VINTAGE(1.0.0)
IMF.RES.WEO:WEO_LIVE_2019_OCT_VINTAGE,WEO Live 2019 October,IMF.RES.WEO,WEO_LIVE_2019_OCT_VINTAGE,1.0.0,IMF.RES.WEO:WEO_LIVE_2019_OCT_VINTAGE(1.0.0)
IMF.RES.WEO:WEO_LIVE_2024_JAN_ICP2021PPP_VINTAGE,WEO Live 2024 January (ICP2021PPP Weights),IMF.RES.WEO,WEO_LIVE_2024_JAN_ICP2021PPP_VINTAGE,1.0.0,IMF.RES.WEO:WEO_LIVE_2024_JAN_ICP2021PPP_VINTAGE(1.0.0)
IMF.RES.GAS:GAS_LIVE_2019_APR_FINAL_VINTAGE,GAS Live 2019 April Final,IMF.RES.GAS,GAS_LIVE_2019_APR_FINAL_VINTAGE,1.0.0,IMF.RES.GAS:GAS_LIVE_2019_APR_FINAL_VINTAGE(1.0.0)
IMF.RES.GEE:GEE_LIVE_2009_APR_FINAL_VINTAGE,GEE Live 2009 April Final,IMF.RES.GEE,GEE_LIVE_2009_APR_FINAL_VINTAGE,1.0.0,IMF.RES.GEE:GEE_LIVE_2009_APR_FINAL_VINTAGE(1.0.0)
IMF.RES.GAS:GAS_LIVE_2016_OCT_FINAL_VINTAGE,GAS Live 2016 October Final,IMF.RES.GAS,GAS_LIVE_2016_OCT_FINAL_VINTAGE,1.0.0,IMF.RES.GAS:GAS_LIVE_2016_OCT_FINAL_VINTAGE(1.0.0)
IMF.RES.WEO:WEO_LIVE_2024_APR_ICP2021PPP_VINTAGE,WEO Live 2024 April (ICP2021PPP Weights),IMF.RES.WEO,WEO_LIVE_2024_APR_ICP2021PPP_VINTAGE,1.0.0,IMF.RES.WEO:WEO_LIVE_2024_APR_ICP2021PPP_VINTAGE(1.0.0)
IMF.RES.GEE:GEE_LIVE_2016_JAN_FINAL_VINTAGE,GEE Live 2016 January Final,IMF.RES.GEE,GEE_LIVE_2016_JAN_FINAL_VINTAGE,1.0.0,IMF.RES.GEE:GEE_LIVE_2016_JAN_FINAL_VINTAGE(1.0.0)
IMF.RES.WEO:WEO_LIVE_2012_JAN_VINTAGE,WEO Live 2012 January,IMF.RES.WEO,WEO_LIVE_2012_JAN_VINTAGE,1.0.0,IMF.RES.WEO:WEO_LIVE_2012_JAN_VINTAGE(1.0.0)
IMF.STA:ITG_2026_JAN_VINTAGE,International Trade in Goods (ITG) 2026 January,IMF.STA,ITG_2026_JAN_VINTAGE,1.0.0,IMF.STA:ITG_2026_JAN_VINTAGE(1.0.0)
IMF.RES.WEO:WEO_LIVE_2024_APR_VINTAGE,WEO Live 2024 April,IMF.RES.WEO,WEO_LIVE_2024_APR_VINTAGE,1.0.0,IMF.RES.WEO:WEO_LIVE_2024_APR_VINTAGE(1.0.0)
IMF.RES.GEE:GEE_LIVE_2012_JAN_GAS1_VINTAGE,GEE Live 2012 January GAS1,IMF.RES.GEE,GEE_LIVE_2012_JAN_GAS1_VINTAGE,1.0.0,IMF.RES.GEE:GEE_LIVE_2012_JAN_GAS1_VINTAGE(1.0.0)
IMF.RES.GAS:GAS_LIVE_2017_JAN_GAS1_VINTAGE,GAS Live 2017 January GAS1,IMF.RES.GAS,GAS_LIVE_2017_JAN_GAS1_VINTAGE,1.0.0,IMF.RES.GAS:GAS_LIVE_2017_JAN_GAS1_VINTAGE(1.0.0)
IMF.RES.GAS:GAS_LIVE_2022_APR_GAS2_VINTAGE,GAS Live 2022 April GAS2,IMF.RES.GAS,GAS_LIVE_2022_APR_GAS2_VINTAGE,1.0.0,IMF.RES.GAS:GAS_LIVE_2022_APR_GAS2_VINTAGE(1.0.0)
IMF.RES.GAS:GAS_LIVE_2020_APR_GAS3C_VINTAGE,GAS Live 2020 April GAS3c,IMF.RES.GAS,GAS_LIVE_2020_APR_GAS3C_VINTAGE,1.0.0,IMF.RES.GAS:GAS_LIVE_2020_APR_GAS3C_VINTAGE(1.0.0)
IMF.RES.WEO:WEO_LIVE_2001_MAY_VINTAGE,WEO Live 2001 May,IMF.RES.WEO,WEO_LIVE_2001_MAY_VINTAGE,1.0.0,IMF.RES.WEO:WEO_LIVE_2001_MAY_VINTAGE(1.0.0)
IMF.RES.WEO:WEO_LIVE_2023_OCT_ICP2021PPP_VINTAGE,WEO Live 2023 October (ICP2021PPP Weights),IMF.RES.WEO,WEO_LIVE_2023_OCT_ICP2021PPP_VINTAGE,1.0.0,IMF.RES.WEO:WEO_LIVE_2023_OCT_ICP2021PPP_VINTAGE(1.0.0)
IMF.STA:BOP_2026_FEB_VINTAGE,Balance of Payments (BOP) 2026 February,IMF.STA,BOP_2026_FEB_VINTAGE,1.0.0,IMF.STA:BOP_2026_FEB_VINTAGE(1.0.0)
IMF.RES.GAS:GAS_LIVE_2015_OCT_GAS3_VINTAGE,GAS Live 2015 October GAS3,IMF.RES.GAS,GAS_LIVE_2015_OCT_GAS3_VINTAGE,1.0.0,IMF.RES.GAS:GAS_LIVE_2015_OCT_GAS3_VINTAGE(1.0.0)
IMF.RES.GEE:GEE_LIVE_2020_APR_GAS3D_VINTAGE,GEE Live 2020 April GAS3d,IMF.RES.GEE,GEE_LIVE_2020_APR_GAS3D_VINTAGE,1.0.0,IMF.RES.GEE:GEE_LIVE_2020_APR_GAS3D_VINTAGE(1.0.0)
IMF.STA:MFS_OFC_2026_JAN_VINTAGE,"Monetary and Financial Statistics (MFS), Other Financial Corporations 2026 January",IMF.STA,MFS_OFC_2026_JAN_VINTAGE,1.0.0,IMF.STA:MFS_OFC_2026_JAN_VINTAGE(1.0.0)
IMF.STA:MFS_FC_2026_JAN_VINTAGE,"Monetary and Financial Statistics (MFS), Financial Corporations 2026 January",IMF.STA,MFS_FC_2026_JAN_VINTAGE,1.0.0,IMF.STA:MFS_FC_2026_JAN_VINTAGE(1.0.0)
IMF.RES.GEE:GEE_LIVE_2019_APR_GAS2_VINTAGE,GEE Live 2019 April GAS2,IMF.RES.GEE,GEE_LIVE_2019_APR_GAS2_VINTAGE,1.0.0,IMF.RES.GEE:GEE_LIVE_2019_APR_GAS2_VINTAGE(1.0.0)
IMF.RES.GAS:GAS_LIVE_2011_JUN_GAS0_VINTAGE,GAS Live 2011 June GAS0,IMF.RES.GAS,GAS_LIVE_2011_JUN_GAS0_VINTAGE,1.0.0,IMF.RES.GAS:GAS_LIVE_2011_JUN_GAS0_VINTAGE(1.0.0)
IMF.RES.WEO:WEO_LIVE_1996_OCT_VINTAGE,WEO Live 1996 October,IMF.RES.WEO,WEO_LIVE_1996_OCT_VINTAGE,1.0.0,IMF.RES.WEO:WEO_LIVE_1996_OCT_VINTAGE(1.0.0)
IMF.RES.GEE:GEE_LIVE_2024_APR_GAS3_VINTAGE,GEE Live 2024 April GAS3,IMF.RES.GEE,GEE_LIVE_2024_APR_GAS3_VINTAGE,1.0.0,IMF.RES.GEE:GEE_LIVE_2024_APR_GAS3_VINTAGE(1.0.0)
IMF.RES.GAS:GAS_LIVE_2021_OCT_GAS2_VINTAGE,GAS Live 2021 October GAS2,IMF.RES.GAS,GAS_LIVE_2021_OCT_GAS2_VINTAGE,1.0.0,IMF.RES.GAS:GAS_LIVE_2021_OCT_GAS2_VINTAGE(1.0.0)
IMF.RES.GEE:GEE_LIVE_2008_OCT_FINAL_VINTAGE,GEE Live 2008 October Final,IMF.RES.GEE,GEE_LIVE_2008_OCT_FINAL_VINTAGE,1.0.0,IMF.RES.GEE:GEE_LIVE_2008_OCT_FINAL_VINTAGE(1.0.0)
IMF.STA:ITG_WCA_2026_FEB_VINTAGE,"International Trade in Goods, World and Country Aggregates 2026 February",IMF.STA,ITG_WCA_2026_FEB_VINTAGE,1.0.0,IMF.STA:ITG_WCA_2026_FEB_VINTAGE(1.0.0)
IMF.RES.GAS:GAS_LIVE_2011_JAN_GAS0_VINTAGE,GAS Live 2011 January GAS0,IMF.RES.GAS,GAS_LIVE_2011_JAN_GAS0_VINTAGE,1.0.0,IMF.RES.GAS:GAS_LIVE_2011_JAN_GAS0_VINTAGE(1.0.0)
IMF.RES.GEE:GEE_LIVE_2019_JAN_FINAL_VINTAGE,GEE Live 2019 January Final,IMF.RES.GEE,GEE_LIVE_2019_JAN_FINAL_VINTAGE,1.0.0,IMF.RES.GEE:GEE_LIVE_2019_JAN_FINAL_VINTAGE(1.0.0)
IMF.RES.GEE:GEE_LIVE_2014_JAN_FINAL_VINTAGE,GEE Live 2014 January Final,IMF.RES.GEE,GEE_LIVE_2014_JAN_FINAL_VINTAGE,1.0.0,IMF.RES.GEE:GEE_LIVE_2014_JAN_FINAL_VINTAGE(1.0.0)
IMF.RES.GEE:GEE_LIVE_2016_APR_GAS2_VINTAGE,GEE Live 2016 April GAS2,IMF.RES.GEE,GEE_LIVE_2016_APR_GAS2_VINTAGE,1.0.0,IMF.RES.GEE:GEE_LIVE_2016_APR_GAS2_VINTAGE(1.0.0)
IMF.RES.GAS:GAS_LIVE_2018_OCT_FINAL_VINTAGE,GAS Live 2018 October Final,IMF.RES.GAS,GAS_LIVE_2018_OCT_FINAL_VINTAGE,1.0.0,IMF.RES.GAS:GAS_LIVE_2018_OCT_FINAL_VINTAGE(1.0.0)
IMF.STA:MFS_FMP_2026_JAN_VINTAGE,"Monetary and Financial Statistics (MFS), Financial Market Prices 2026 January",IMF.STA,MFS_FMP_2026_JAN_VINTAGE,1.0.0,IMF.STA:MFS_FMP_2026_JAN_VINTAGE(1.0.0)
IMF.RES.GAS:GAS_LIVE_2018_JAN_GAS1_VINTAGE,GAS Live 2018 January GAS1,IMF.RES.GAS,GAS_LIVE_2018_JAN_GAS1_VINTAGE,1.0.0,IMF.RES.GAS:GAS_LIVE_2018_JAN_GAS1_VINTAGE(1.0.0)
IMF.RES.GAS:GAS_LIVE_2014_APR_GAS3_VINTAGE,GAS Live 2014 April GAS3,IMF.RES.GAS,GAS_LIVE_2014_APR_GAS3_VINTAGE,1.0.0,IMF.RES.GAS:GAS_LIVE_2014_APR_GAS3_VINTAGE(1.0.0)
IMF.STA:CPI_WCA_2026_FEB_VINTAGE,"Consumer Price Index (CPI), World and Country Aggregates (CPI_WCA) 2026 February",IMF.STA,CPI_WCA_2026_FEB_VINTAGE,1.0.0,IMF.STA:CPI_WCA_2026_FEB_VINTAGE(1.0.0)
IMF.RES.WEO:WEO_LIVE_2000_SEP_VINTAGE,WEO Live 2000 September,IMF.RES.WEO,WEO_LIVE_2000_SEP_VINTAGE,1.0.0,IMF.RES.WEO:WEO_LIVE_2000_SEP_VINTAGE(1.0.0)
IMF.RES.GEE:GEE_LIVE_2023_APR_GAS3_VINTAGE,GEE Live 2023 April GAS3,IMF.RES.GEE,GEE_LIVE_2023_APR_GAS3_VINTAGE,1.0.0,IMF.RES.GEE:GEE_LIVE_2023_APR_GAS3_VINTAGE(1.0.0)
IMF.RES.GEE:GEE_LIVE_2007_APR_FINAL_VINTAGE,GEE Live 2007 April Final,IMF.RES.GEE,GEE_LIVE_2007_APR_FINAL_VINTAGE,1.0.0,IMF.RES.GEE:GEE_LIVE_2007_APR_FINAL_VINTAGE(1.0.0)
IMF.STA:MFS_MA_2026_APR_VINTAGE,"Monetary and Financial Statistics (MFS), Monetary Aggregates 2026 April",IMF.STA,MFS_MA_2026_APR_VINTAGE,1.0.0,IMF.STA:MFS_MA_2026_APR_VINTAGE(1.0.0)
IMF.STA:PI_2026_APR_VINTAGE,Production Indexes (PI) 2026 April,IMF.STA,PI_2026_APR_VINTAGE,1.0.0,IMF.STA:PI_2026_APR_VINTAGE(1.0.0)
IMF.RES.WEO:WEO_LIVE_1993_MAY_VINTAGE,WEO Live 1993 May,IMF.RES.WEO,WEO_LIVE_1993_MAY_VINTAGE,1.0.0,IMF.RES.WEO:WEO_LIVE_1993_MAY_VINTAGE(1.0.0)
IMF.RES.WEO:WEO_LIVE_2001_OCT_VINTAGE,WEO Live 2001 October,IMF.RES.WEO,WEO_LIVE_2001_OCT_VINTAGE,1.0.0,IMF.RES.WEO:WEO_LIVE_2001_OCT_VINTAGE(1.0.0)
IMF.RES.GEE:GEE_LIVE_2021_APR_FINAL_VINTAGE,GEE Live 2021 April Final,IMF.RES.GEE,GEE_LIVE_2021_APR_FINAL_VINTAGE,1.0.0,IMF.RES.GEE:GEE_LIVE_2021_APR_FINAL_VINTAGE(1.0.0)
IMF.RES.GEE:GEE_LIVE_2015_OCT_GAS2_VINTAGE,GEE Live 2015 October GAS2,IMF.RES.GEE,GEE_LIVE_2015_OCT_GAS2_VINTAGE,1.0.0,IMF.RES.GEE:GEE_LIVE_2015_OCT_GAS2_VINTAGE(1.0.0)
IMF.STA:MFS_DC_2026_APR_VINTAGE,"Monetary and Financial Statistics (MFS), Depository Corporations 2026 April",IMF.STA,MFS_DC_2026_APR_VINTAGE,1.0.0,IMF.STA:MFS_DC_2026_APR_VINTAGE(1.0.0)
IMF.RES.GAS:GAS_LIVE_2025_APR_GAS2_VINTAGE,GAS Live 2025 April GAS2,IMF.RES.GAS,GAS_LIVE_2025_APR_GAS2_VINTAGE,1.0.0,IMF.RES.GAS:GAS_LIVE_2025_APR_GAS2_VINTAGE(1.0.0)
IMF.RES.GAS:GAS_LIVE_2020_JUN_GAS1_VINTAGE,GAS Live 2020 June GAS1,IMF.RES.GAS,GAS_LIVE_2020_JUN_GAS1_VINTAGE,1.0.0,IMF.RES.GAS:GAS_LIVE_2020_JUN_GAS1_VINTAGE(1.0.0)
IMF.RES.GAS:GAS_LIVE_2023_OCT_FINAL_VINTAGE,GAS Live 2023 October Final,IMF.RES.GAS,GAS_LIVE_2023_OCT_FINAL_VINTAGE,1.0.0,IMF.RES.GAS:GAS_LIVE_2023_OCT_FINAL_VINTAGE(1.0.0)
IMF.RES.GAS:GAS_LIVE_2024_APR_FINAL_VINTAGE,GAS Live 2024 April Final,IMF.RES.GAS,GAS_LIVE_2024_APR_FINAL_VINTAGE,1.0.0,IMF.RES.GAS:GAS_LIVE_2024_APR_FINAL_VINTAGE(1.0.0)
IMF.RES.GEE:GEE_LIVE_2026_APR_GAS2B_VINTAGE,GEE Live 2026 April GAS2b,IMF.RES.GEE,GEE_LIVE_2026_APR_GAS2B_VINTAGE,1.0.0,IMF.RES.GEE:GEE_LIVE_2026_APR_GAS2B_VINTAGE(1.0.0)
IMF.RES.GEE:GEE_LIVE_2023_OCT_GAS3_VINTAGE,GEE Live 2023 October GAS3,IMF.RES.GEE,GEE_LIVE_2023_OCT_GAS3_VINTAGE,1.0.0,IMF.RES.GEE:GEE_LIVE_2023_OCT_GAS3_VINTAGE(1.0.0)
IMF.RES.GAS:GAS_LIVE_2017_APR_FINAL_VINTAGE,GAS Live 2017 April Final,IMF.RES.GAS,GAS_LIVE_2017_APR_FINAL_VINTAGE,1.0.0,IMF.RES.GAS:GAS_LIVE_2017_APR_FINAL_VINTAGE(1.0.0)
IMF.RES.GAS:GAS_LIVE_2010_APR_FINAL_VINTAGE,GAS Live 2010 April Final,IMF.RES.GAS,GAS_LIVE_2010_APR_FINAL_VINTAGE,1.0.0,IMF.RES.GAS:GAS_LIVE_2010_APR_FINAL_VINTAGE(1.0.0)
IMF.RES.GAS:GAS_LIVE_2022_OCT_GAS2_VINTAGE,GAS Live 2022 October GAS2,IMF.RES.GAS,GAS_LIVE_2022_OCT_GAS2_VINTAGE,1.0.0,IMF.RES.GAS:GAS_LIVE_2022_OCT_GAS2_VINTAGE(1.0.0)
IMF.STA:MFS_DC_2026_JAN_VINTAGE,"Monetary and Financial Statistics (MFS), Depository Corporations 2026 January",IMF.STA,MFS_DC_2026_JAN_VINTAGE,1.0.0,IMF.STA:MFS_DC_2026_JAN_VINTAGE(1.0.0)
IMF.RES.GAS:GAS_LIVE_2016_JAN_GAS1B_VINTAGE,GAS Live 2016 January GAS1b,IMF.RES.GAS,GAS_LIVE_2016_JAN_GAS1B_VINTAGE,1.0.0,IMF.RES.GAS:GAS_LIVE_2016_JAN_GAS1B_VINTAGE(1.0.0)
IMF.RES.GAS:GAS_LIVE_2015_APR_GAS3_VINTAGE,GAS Live 2015 April GAS3,IMF.RES.GAS,GAS_LIVE_2015_APR_GAS3_VINTAGE,1.0.0,IMF.RES.GAS:GAS_LIVE_2015_APR_GAS3_VINTAGE(1.0.0)
IMF.RES.GAS:GAS_LIVE_2014_JUL_GAS1_VINTAGE,GAS Live 2014 July GAS1,IMF.RES.GAS,GAS_LIVE_2014_JUL_GAS1_VINTAGE,1.0.0,IMF.RES.GAS:GAS_LIVE_2014_JUL_GAS1_VINTAGE(1.0.0)
IMF.RES.GEE:GEE_LIVE_2006_SEP_FINAL_VINTAGE,GEE Live 2006 September Final,IMF.RES.GEE,GEE_LIVE_2006_SEP_FINAL_VINTAGE,1.0.0,IMF.RES.GEE:GEE_LIVE_2006_SEP_FINAL_VINTAGE(1.0.0)
IMF.STA:EER_2026_JAN_VINTAGE,Effective Exchange Rates (ER) 2026 January,IMF.STA,EER_2026_JAN_VINTAGE,1.0.0,IMF.STA:EER_2026_JAN_VINTAGE(1.0.0)
IMF.STA:FA_2026_FEB_VINTAGE,Fund Accounts (FA) 2026 February,IMF.STA,FA_2026_FEB_VINTAGE,1.0.0,IMF.STA:FA_2026_FEB_VINTAGE(1.0.0)
IMF.RES.GEE:GEE_LIVE_2022_OCT_GAS2_VINTAGE,GEE Live 2022 October GAS2,IMF.RES.GEE,GEE_LIVE_2022_OCT_GAS2_VINTAGE,1.0.0,IMF.RES.GEE:GEE_LIVE_2022_OCT_GAS2_VINTAGE(1.0.0)
IMF.RES.GAS:GAS_LIVE_2023_APR_GAS3_VINTAGE,GAS Live 2023 April GAS3,IMF.RES.GAS,GAS_LIVE_2023_APR_GAS3_VINTAGE,1.0.0,IMF.RES.GAS:GAS_LIVE_2023_APR_GAS3_VINTAGE(1.0.0)
IMF.RES.WEO:WEO_LIVE_2004_SEP_VINTAGE,WEO Live 2004 September,IMF.RES.WEO,WEO_LIVE_2004_SEP_VINTAGE,1.0.0,IMF.RES.WEO:WEO_LIVE_2004_SEP_VINTAGE(1.0.0)
IMF.STA:QGDP_WCA_2026_JAN_VINTAGE,"Quarterly Gross Domestic Product (GDP), World and Country Aggregates 2026 January",IMF.STA,QGDP_WCA_2026_JAN_VINTAGE,1.0.0,IMF.STA:QGDP_WCA_2026_JAN_VINTAGE(1.0.0)
IMF.FAD:FM_2025_OCT_VINTAGE,Fiscal Monitor (FM) 2025 October,IMF.FAD,FM_2025_OCT_VINTAGE,1.0.0,IMF.FAD:FM_2025_OCT_VINTAGE(1.0.0)
IMF.RES.GAS:GAS_LIVE_2004_APR_FINAL_VINTAGE,GAS Live 2004 April Final,IMF.RES.GAS,GAS_LIVE_2004_APR_FINAL_VINTAGE,1.0.0,IMF.RES.GAS:GAS_LIVE_2004_APR_FINAL_VINTAGE(1.0.0)
IMF.STA:MFS_FMP_2026_APR_VINTAGE,"Monetary and Financial Statistics (MFS), Financial Market Prices 2026 April",IMF.STA,MFS_FMP_2026_APR_VINTAGE,1.0.0,IMF.STA:MFS_FMP_2026_APR_VINTAGE(1.0.0)
IMF.RES.GAS:GAS_LIVE_2024_JUL_GAS1_VINTAGE,GAS Live 2024 July GAS1,IMF.RES.GAS,GAS_LIVE_2024_JUL_GAS1_VINTAGE,1.0.0,IMF.RES.GAS:GAS_LIVE_2024_JUL_GAS1_VINTAGE(1.0.0)
IMF.STA:MFS_FMP_2026_FEB_VINTAGE,"Monetary and Financial Statistics (MFS), Financial Market Prices 2026 February",IMF.STA,MFS_FMP_2026_FEB_VINTAGE,1.0.0,IMF.STA:MFS_FMP_2026_FEB_VINTAGE(1.0.0)
IMF.RES.GEE:GEE_LIVE_2018_JAN_GAS1_VINTAGE,GEE Live 2018 January GAS1,IMF.RES.GEE,GEE_LIVE_2018_JAN_GAS1_VINTAGE,1.0.0,IMF.RES.GEE:GEE_LIVE_2018_JAN_GAS1_VINTAGE(1.0.0)
IMF.RES.GEE:GEE_LIVE_2004_APR_FINAL_VINTAGE,GEE Live 2004 April Final,IMF.RES.GEE,GEE_LIVE_2004_APR_FINAL_VINTAGE,1.0.0,IMF.RES.GEE:GEE_LIVE_2004_APR_FINAL_VINTAGE(1.0.0)
IMF.RES.WEO:WEO_LIVE_2023_OCT_VINTAGE,WEO Live 2023 October,IMF.RES.WEO,WEO_LIVE_2023_OCT_VINTAGE,1.0.0,IMF.RES.WEO:WEO_LIVE_2023_OCT_VINTAGE(1.0.0)
IMF.RES.WEO:WEO_LIVE_2011_APR_VINTAGE,WEO Live 2011 April,IMF.RES.WEO,WEO_LIVE_2011_APR_VINTAGE,1.0.0,IMF.RES.WEO:WEO_LIVE_2011_APR_VINTAGE(1.0.0)
IMF.RES.GEE:GEE_LIVE_2020_OCT_GAS3_VINTAGE,GEE Live 2020 October GAS3,IMF.RES.GEE,GEE_LIVE_2020_OCT_GAS3_VINTAGE,1.0.0,IMF.RES.GEE:GEE_LIVE_2020_OCT_GAS3_VINTAGE(1.0.0)
IMF.RES.GEE:GEE_LIVE_2005_APR_FINAL_VINTAGE,GEE Live 2005 April Final,IMF.RES.GEE,GEE_LIVE_2005_APR_FINAL_VINTAGE,1.0.0,IMF.RES.GEE:GEE_LIVE_2005_APR_FINAL_VINTAGE(1.0.0)
IMF.RES.GEE:GEE_LIVE_2019_APR_GAS3_VINTAGE,GEE Live 2019 April GAS3,IMF.RES.GEE,GEE_LIVE_2019_APR_GAS3_VINTAGE,1.0.0,IMF.RES.GEE:GEE_LIVE_2019_APR_GAS3_VINTAGE(1.0.0)
IMF.RES.GEE:GEE_LIVE_2020_OCT_GAS2_VINTAGE,GEE Live 2020 October GAS2,IMF.RES.GEE,GEE_LIVE_2020_OCT_GAS2_VINTAGE,1.0.0,IMF.RES.GEE:GEE_LIVE_2020_OCT_GAS2_VINTAGE(1.0.0)
IMF.RES.GAS:GAS_LIVE_2021_APR_GAS3_VINTAGE,GAS Live 2021 April GAS3,IMF.RES.GAS,GAS_LIVE_2021_APR_GAS3_VINTAGE,1.0.0,IMF.RES.GAS:GAS_LIVE_2021_APR_GAS3_VINTAGE(1.0.0)
IMF.RES.GAS:GAS_LIVE_2022_APR_FINAL_VINTAGE,GAS Live 2022 April Final,IMF.RES.GAS,GAS_LIVE_2022_APR_FINAL_VINTAGE,1.0.0,IMF.RES.GAS:GAS_LIVE_2022_APR_FINAL_VINTAGE(1.0.0)
IMF.RES.WEO:WEO_LIVE_2020_JUN_VINTAGE,WEO Live 2020 June,IMF.RES.WEO,WEO_LIVE_2020_JUN_VINTAGE,1.0.0,IMF.RES.WEO:WEO_LIVE_2020_JUN_VINTAGE(1.0.0)
IMF.STA:LS_2026_JAN_VINTAGE,Labor Statistics (LS) 2026 January,IMF.STA,LS_2026_JAN_VINTAGE,1.0.0,IMF.STA:LS_2026_JAN_VINTAGE(1.0.0)
IMF.STA:IIPCC_2026_JAN_VINTAGE,Currency Composition of the International Investment Position (IIPCC) 2026 January,IMF.STA,IIPCC_2026_JAN_VINTAGE,1.0.0,IMF.STA:IIPCC_2026_JAN_VINTAGE(1.0.0)
IMF.RES.GAS:GAS_LIVE_2020_JAN_GAS1_VINTAGE,GAS Live 2020 January GAS1,IMF.RES.GAS,GAS_LIVE_2020_JAN_GAS1_VINTAGE,1.0.0,IMF.RES.GAS:GAS_LIVE_2020_JAN_GAS1_VINTAGE(1.0.0)
IMF.RES.GEE:GEE_LIVE_2011_SEP_FINAL_VINTAGE,GEE Live 2011 September Final,IMF.RES.GEE,GEE_LIVE_2011_SEP_FINAL_VINTAGE,1.0.0,IMF.RES.GEE:GEE_LIVE_2011_SEP_FINAL_VINTAGE(1.0.0)
IMF.RES.GEE:GEE_LIVE_2022_APR_FINAL_VINTAGE,GEE Live 2022 April Final,IMF.RES.GEE,GEE_LIVE_2022_APR_FINAL_VINTAGE,1.0.0,IMF.RES.GEE:GEE_LIVE_2022_APR_FINAL_VINTAGE(1.0.0)
IMF.RES.GEE:GEE_LIVE_2014_APR_GAS2_VINTAGE,GEE Live 2014 April GAS2,IMF.RES.GEE,GEE_LIVE_2014_APR_GAS2_VINTAGE,1.0.0,IMF.RES.GEE:GEE_LIVE_2014_APR_GAS2_VINTAGE(1.0.0)
IMF.RES.GEE:GEE_LIVE_2018_JAN_GAS1B_VINTAGE,GEE Live 2018 January GAS1b,IMF.RES.GEE,GEE_LIVE_2018_JAN_GAS1B_VINTAGE,1.0.0,IMF.RES.GEE:GEE_LIVE_2018_JAN_GAS1B_VINTAGE(1.0.0)
IMF.RES.WEO:WEO_LIVE_2023_JUL_VINTAGE,WEO Live 2023 July,IMF.RES.WEO,WEO_LIVE_2023_JUL_VINTAGE,1.0.0,IMF.RES.WEO:WEO_LIVE_2023_JUL_VINTAGE(1.0.0)
IMF.RES.GEE:GEE_LIVE_2025_APR_FINAL_VINTAGE,GEE Live 2025 April Final,IMF.RES.GEE,GEE_LIVE_2025_APR_FINAL_VINTAGE,1.0.0,IMF.RES.GEE:GEE_LIVE_2025_APR_FINAL_VINTAGE(1.0.0)
IMF.STA:SPE_2026_JAN_VINTAGE,Special Purpose Entities (SPEs) 2026 January,IMF.STA,SPE_2026_JAN_VINTAGE,1.0.0,IMF.STA:SPE_2026_JAN_VINTAGE(1.0.0)
IMF.RES.GAS:GAS_LIVE_2024_JAN_GAS1_VINTAGE,GAS Live 2024 January GAS1,IMF.RES.GAS,GAS_LIVE_2024_JAN_GAS1_VINTAGE,1.0.0,IMF.RES.GAS:GAS_LIVE_2024_JAN_GAS1_VINTAGE(1.0.0)
IMF.RES.GAS:GAS_LIVE_2021_JAN_GAS1B_VINTAGE,GAS Live 2021 January GAS1b,IMF.RES.GAS,GAS_LIVE_2021_JAN_GAS1B_VINTAGE,1.0.0,IMF.RES.GAS:GAS_LIVE_2021_JAN_GAS1B_VINTAGE(1.0.0)
IMF.RES.WEO:WEO_LIVE_2010_APR_VINTAGE,WEO Live 2010 April,IMF.RES.WEO,WEO_LIVE_2010_APR_VINTAGE,1.0.0,IMF.RES.WEO:WEO_LIVE_2010_APR_VINTAGE(1.0.0)
IMF.RES.WEO:WEO_LIVE_2005_SEP_VINTAGE,WEO Live 2005 September,IMF.RES.WEO,WEO_LIVE_2005_SEP_VINTAGE,1.0.0,IMF.RES.WEO:WEO_LIVE_2005_SEP_VINTAGE(1.0.0)
IMF.RES.GEE:GEE_LIVE_2018_OCT_FINAL_VINTAGE,GEE Live 2018 October Final,IMF.RES.GEE,GEE_LIVE_2018_OCT_FINAL_VINTAGE,1.0.0,IMF.RES.GEE:GEE_LIVE_2018_OCT_FINAL_VINTAGE(1.0.0)
IMF.RES.GAS:GAS_LIVE_2007_APR_FINAL_VINTAGE,GAS Live 2007 April Final,IMF.RES.GAS,GAS_LIVE_2007_APR_FINAL_VINTAGE,1.0.0,IMF.RES.GAS:GAS_LIVE_2007_APR_FINAL_VINTAGE(1.0.0)
IMF.RES.WEO:WEO_LIVE_2022_OCT_VINTAGE,WEO Live 2022 October,IMF.RES.WEO,WEO_LIVE_2022_OCT_VINTAGE,1.0.0,IMF.RES.WEO:WEO_LIVE_2022_OCT_VINTAGE(1.0.0)
IMF.RES.GAS:GAS_LIVE_2021_OCT_FINAL_VINTAGE,GAS Live 2021 October Final,IMF.RES.GAS,GAS_LIVE_2021_OCT_FINAL_VINTAGE,1.0.0,IMF.RES.GAS:GAS_LIVE_2021_OCT_FINAL_VINTAGE(1.0.0)
IMF.RES.GEE:GEE_LIVE_2023_JUL_FINAL_VINTAGE,GEE Live 2023 July Final,IMF.RES.GEE,GEE_LIVE_2023_JUL_FINAL_VINTAGE,1.0.0,IMF.RES.GEE:GEE_LIVE_2023_JUL_FINAL_VINTAGE(1.0.0)
IMF.STA:MFS_MA_2026_FEB_VINTAGE,"Monetary and Financial Statistics (MFS), Monetary Aggregates 2026 February",IMF.STA,MFS_MA_2026_FEB_VINTAGE,1.0.0,IMF.STA:MFS_MA_2026_FEB_VINTAGE(1.0.0)
IMF.STA:QNEA_2026_JAN_VINTAGE,"National Economic Accounts (NEA), Quarterly Data 2026 January",IMF.STA,QNEA_2026_JAN_VINTAGE,1.0.0,IMF.STA:QNEA_2026_JAN_VINTAGE(1.0.0)
IMF.RES.GAS:GAS_LIVE_2021_APR_FINAL_VINTAGE,GAS Live 2021 April Final,IMF.RES.GAS,GAS_LIVE_2021_APR_FINAL_VINTAGE,1.0.0,IMF.RES.GAS:GAS_LIVE_2021_APR_FINAL_VINTAGE(1.0.0)
IMF.RES.GEE:GEE_LIVE_2016_JAN_GAS1_VINTAGE,GEE Live 2016 January GAS1,IMF.RES.GEE,GEE_LIVE_2016_JAN_GAS1_VINTAGE,1.0.0,IMF.RES.GEE:GEE_LIVE_2016_JAN_GAS1_VINTAGE(1.0.0)
IMF.STA:MFS_ODC_2026_JAN_VINTAGE,"Monetary and Financial Statistics (MFS), Other Depository Corporations 2026 January",IMF.STA,MFS_ODC_2026_JAN_VINTAGE,1.0.0,IMF.STA:MFS_ODC_2026_JAN_VINTAGE(1.0.0)
IMF.RES.GAS:GAS_LIVE_2020_APR_GAS2_VINTAGE,GAS Live 2020 April GAS2,IMF.RES.GAS,GAS_LIVE_2020_APR_GAS2_VINTAGE,1.0.0,IMF.RES.GAS:GAS_LIVE_2020_APR_GAS2_VINTAGE(1.0.0)
IMF.STA:QGFS_2026_FEB_VINTAGE,Quarterly Government Finance Statistics (QGFS) 2026 February,IMF.STA,QGFS_2026_FEB_VINTAGE,1.0.0,IMF.STA:QGFS_2026_FEB_VINTAGE(1.0.0)
IMF.RES.GAS:GAS_LIVE_2026_APR_GAS2B_VINTAGE,GAS Live 2026 April GAS2b,IMF.RES.GAS,GAS_LIVE_2026_APR_GAS2B_VINTAGE,1.0.0,IMF.RES.GAS:GAS_LIVE_2026_APR_GAS2B_VINTAGE(1.0.0)
IMF.RES.GEE:GEE_LIVE_2012_APR_GAS2_VINTAGE,GEE Live 2012 April GAS2,IMF.RES.GEE,GEE_LIVE_2012_APR_GAS2_VINTAGE,1.0.0,IMF.RES.GEE:GEE_LIVE_2012_APR_GAS2_VINTAGE(1.0.0)
IMF.RES.GAS:GAS_LIVE_2018_JUL_GAS1_VINTAGE,GAS Live 2018 July GAS1,IMF.RES.GAS,GAS_LIVE_2018_JUL_GAS1_VINTAGE,1.0.0,IMF.RES.GAS:GAS_LIVE_2018_JUL_GAS1_VINTAGE(1.0.0)
IMF.RES.WEO:WEO_LIVE_2009_JAN_VINTAGE,WEO Live 2009 January,IMF.RES.WEO,WEO_LIVE_2009_JAN_VINTAGE,1.0.0,IMF.RES.WEO:WEO_LIVE_2009_JAN_VINTAGE(1.0.0)
IMF.RES.WEO:WEO_LIVE_2017_APR_VINTAGE,WEO Live 2017 April,IMF.RES.WEO,WEO_LIVE_2017_APR_VINTAGE,1.0.0,IMF.RES.WEO:WEO_LIVE_2017_APR_VINTAGE(1.0.0)
IMF.RES.GAS:GAS_LIVE_2018_OCT_GAS3_VINTAGE,GAS Live 2018 October GAS3,IMF.RES.GAS,GAS_LIVE_2018_OCT_GAS3_VINTAGE,1.0.0,IMF.RES.GAS:GAS_LIVE_2018_OCT_GAS3_VINTAGE(1.0.0)
IMF.RES.WEO:WEO_LIVE_1992_MAY_VINTAGE,WEO Live 1992 May,IMF.RES.WEO,WEO_LIVE_1992_MAY_VINTAGE,1.0.0,IMF.RES.WEO:WEO_LIVE_1992_MAY_VINTAGE(1.0.0)
IMF.RES.GEE:GEE_LIVE_2017_OCT_FINAL_VINTAGE,GEE Live 2017 October Final,IMF.RES.GEE,GEE_LIVE_2017_OCT_FINAL_VINTAGE,1.0.0,IMF.RES.GEE:GEE_LIVE_2017_OCT_FINAL_VINTAGE(1.0.0)
IMF.RES.WEO:WEO_LIVE_2004_APR_VINTAGE,WEO Live 2004 April,IMF.RES.WEO,WEO_LIVE_2004_APR_VINTAGE,1.0.0,IMF.RES.WEO:WEO_LIVE_2004_APR_VINTAGE(1.0.0)
IMF.RES.GAS:GAS_LIVE_2020_OCT_FINAL_VINTAGE,GAS Live 2020 October Final,IMF.RES.GAS,GAS_LIVE_2020_OCT_FINAL_VINTAGE,1.0.0,IMF.RES.GAS:GAS_LIVE_2020_OCT_FINAL_VINTAGE(1.0.0)
IMF.RES.GEE:GEE_LIVE_2024_OCT_FINAL_VINTAGE,GEE Live 2024 October Final,IMF.RES.GEE,GEE_LIVE_2024_OCT_FINAL_VINTAGE,1.0.0,IMF.RES.GEE:GEE_LIVE_2024_OCT_FINAL_VINTAGE(1.0.0)
IMF.RES.GAS:GAS_LIVE_2022_JAN_GAS1_VINTAGE,GAS Live 2022 January GAS1,IMF.RES.GAS,GAS_LIVE_2022_JAN_GAS1_VINTAGE,1.0.0,IMF.RES.GAS:GAS_LIVE_2022_JAN_GAS1_VINTAGE(1.0.0)
IMF.STA:MFS_CBS_2026_FEB_VINTAGE,"Monetary and Financial Statistics (MFS), Central Bank Data 2026 February",IMF.STA,MFS_CBS_2026_FEB_VINTAGE,1.0.0,IMF.STA:MFS_CBS_2026_FEB_VINTAGE(1.0.0)
IMF.RES.WEO:WEO_LIVE_2021_OCT_VINTAGE,WEO Live 2021 October,IMF.RES.WEO,WEO_LIVE_2021_OCT_VINTAGE,1.0.0,IMF.RES.WEO:WEO_LIVE_2021_OCT_VINTAGE(1.0.0)
IMF.RES.GAS:GAS_LIVE_2018_APR_FINAL_VINTAGE,GAS Live 2018 April Final,IMF.RES.GAS,GAS_LIVE_2018_APR_FINAL_VINTAGE,1.0.0,IMF.RES.GAS:GAS_LIVE_2018_APR_FINAL_VINTAGE(1.0.0)
IMF.RES.WEO:WEO_LIVE_2026_JAN_VINTAGE,WEO Live 2026 January,IMF.RES.WEO,WEO_LIVE_2026_JAN_VINTAGE,1.1.0,IMF.RES.WEO:WEO_LIVE_2026_JAN_VINTAGE(1.1.0)
IMF.RES.GEE:GEE_LIVE_2018_APR_FINAL_VINTAGE,GEE Live 2018 April Final,IMF.RES.GEE,GEE_LIVE_2018_APR_FINAL_VINTAGE,1.0.0,IMF.RES.GEE:GEE_LIVE_2018_APR_FINAL_VINTAGE(1.0.0)
IMF.RES.WEO:WEO_LIVE_1997_OCT_VINTAGE,WEO Live 1997 October,IMF.RES.WEO,WEO_LIVE_1997_OCT_VINTAGE,1.0.0,IMF.RES.WEO:WEO_LIVE_1997_OCT_VINTAGE(1.0.0)
IMF.RES.GEE:GEE_LIVE_2012_OCT_GAS3_VINTAGE,GEE Live 2012 October GAS3,IMF.RES.GEE,GEE_LIVE_2012_OCT_GAS3_VINTAGE,1.0.0,IMF.RES.GEE:GEE_LIVE_2012_OCT_GAS3_VINTAGE(1.0.0)
IMF.RES.GEE:GEE_LIVE_2015_APR_GAS3_VINTAGE,GEE Live 2015 April GAS3,IMF.RES.GEE,GEE_LIVE_2015_APR_GAS3_VINTAGE,1.0.0,IMF.RES.GEE:GEE_LIVE_2015_APR_GAS3_VINTAGE(1.0.0)
IMF.STA:EER_2026_FEB_VINTAGE,Effective Exchange Rates (ER) 2026 February,IMF.STA,EER_2026_FEB_VINTAGE,1.0.0,IMF.STA:EER_2026_FEB_VINTAGE(1.0.0)
IMF.RES.GAS:GAS_LIVE_2026_JAN_GAS1_VINTAGE,GAS Live 2026 January GAS1,IMF.RES.GAS,GAS_LIVE_2026_JAN_GAS1_VINTAGE,1.0.0,IMF.RES.GAS:GAS_LIVE_2026_JAN_GAS1_VINTAGE(1.0.0)
IMF.RES.GEE:GEE_LIVE_2016_JUL_GAS1_VINTAGE,GEE Live 2016 July GAS1,IMF.RES.GEE,GEE_LIVE_2016_JUL_GAS1_VINTAGE,1.0.0,IMF.RES.GEE:GEE_LIVE_2016_JUL_GAS1_VINTAGE(1.0.0)
IMF.RES.GAS:GAS_LIVE_2017_OCT_GAS2_VINTAGE,GAS Live 2017 October GAS2,IMF.RES.GAS,GAS_LIVE_2017_OCT_GAS2_VINTAGE,1.0.0,IMF.RES.GAS:GAS_LIVE_2017_OCT_GAS2_VINTAGE(1.0.0)
IMF.RES.GEE:GEE_LIVE_2025_JAN_FINAL_VINTAGE,GEE Live 2025 January Final,IMF.RES.GEE,GEE_LIVE_2025_JAN_FINAL_VINTAGE,1.0.0,IMF.RES.GEE:GEE_LIVE_2025_JAN_FINAL_VINTAGE(1.0.0)
IMF.RES.GEE:GEE_LIVE_2018_JAN_FINAL_VINTAGE,GEE Live 2018 January Final,IMF.RES.GEE,GEE_LIVE_2018_JAN_FINAL_VINTAGE,1.0.0,IMF.RES.GEE:GEE_LIVE_2018_JAN_FINAL_VINTAGE(1.0.0)
IMF.RES.GAS:GAS_LIVE_2024_OCT_GAS3_VINTAGE,GAS Live 2024 October GAS3,IMF.RES.GAS,GAS_LIVE_2024_OCT_GAS3_VINTAGE,1.0.0,IMF.RES.GAS:GAS_LIVE_2024_OCT_GAS3_VINTAGE(1.0.0)
IMF.RES.GEE:GEE_LIVE_2018_JUL_GAS1_VINTAGE,GEE Live 2018 July GAS1,IMF.RES.GEE,GEE_LIVE_2018_JUL_GAS1_VINTAGE,1.0.0,IMF.RES.GEE:GEE_LIVE_2018_JUL_GAS1_VINTAGE(1.0.0)
IMF.RES.WEO:WEO_LIVE_2006_SEP_VINTAGE,WEO Live 2006 September,IMF.RES.WEO,WEO_LIVE_2006_SEP_VINTAGE,1.0.0,IMF.RES.WEO:WEO_LIVE_2006_SEP_VINTAGE(1.0.0)
IMF.RES.WEO:WEO_LIVE_2011_JAN_VINTAGE,WEO Live 2011 January,IMF.RES.WEO,WEO_LIVE_2011_JAN_VINTAGE,1.0.0,IMF.RES.WEO:WEO_LIVE_2011_JAN_VINTAGE(1.0.0)
IMF.RES.GEE:GEE_LIVE_2019_JUL_FINAL_VINTAGE,GEE Live 2019 July Final,IMF.RES.GEE,GEE_LIVE_2019_JUL_FINAL_VINTAGE,1.0.0,IMF.RES.GEE:GEE_LIVE_2019_JUL_FINAL_VINTAGE(1.0.0)
IMF.RES.GEE:GEE_LIVE_2008_APR_FINAL_VINTAGE,GEE Live 2008 April Final,IMF.RES.GEE,GEE_LIVE_2008_APR_FINAL_VINTAGE,1.0.0,IMF.RES.GEE:GEE_LIVE_2008_APR_FINAL_VINTAGE(1.0.0)
IMF.RES.WEO:WEO_LIVE_2018_JAN_VINTAGE,WEO Live 2018 January,IMF.RES.WEO,WEO_LIVE_2018_JAN_VINTAGE,1.0.0,IMF.RES.WEO:WEO_LIVE_2018_JAN_VINTAGE(1.0.0)
IMF.RES.WEO:WEO_LIVE_1990_OCT_VINTAGE,WEO Live 1990 October,IMF.RES.WEO,WEO_LIVE_1990_OCT_VINTAGE,1.0.0,IMF.RES.WEO:WEO_LIVE_1990_OCT_VINTAGE(1.0.0)
IMF.RES.GEE:GEE_LIVE_2015_JAN_FINAL_VINTAGE,GEE Live 2015 January Final,IMF.RES.GEE,GEE_LIVE_2015_JAN_FINAL_VINTAGE,1.0.0,IMF.RES.GEE:GEE_LIVE_2015_JAN_FINAL_VINTAGE(1.0.0)
IMF.RES.WEO:WEO_LIVE_2025_APR_VINTAGE,WEO Live 2025 April,IMF.RES.WEO,WEO_LIVE_2025_APR_VINTAGE,1.0.0,IMF.RES.WEO:WEO_LIVE_2025_APR_VINTAGE(1.0.0)
IMF.RES.GEE:GEE_LIVE_2025_JUL_GAS1B_VINTAGE,GEE Live 2025 July GAS1b,IMF.RES.GEE,GEE_LIVE_2025_JUL_GAS1B_VINTAGE,1.0.0,IMF.RES.GEE:GEE_LIVE_2025_JUL_GAS1B_VINTAGE(1.0.0)
IMF.RES.GAS:GAS_LIVE_2025_JUL_GAS1B_VINTAGE,GAS Live 2025 July GAS1b,IMF.RES.GAS,GAS_LIVE_2025_JUL_GAS1B_VINTAGE,1.0.0,IMF.RES.GAS:GAS_LIVE_2025_JUL_GAS1B_VINTAGE(1.0.0)
IMF.APD:APDREO_2025_OCT_VINTAGE,Asia and Pacific Regional Economic Outlook (APDREO) 2025 October,IMF.APD,APDREO_2025_OCT_VINTAGE,1.0.0,IMF.APD:APDREO_2025_OCT_VINTAGE(1.0.0)
IMF.RES.GAS:GAS_LIVE_2020_APR_GAS3D_VINTAGE,GAS Live 2020 April GAS3d,IMF.RES.GAS,GAS_LIVE_2020_APR_GAS3D_VINTAGE,1.0.0,IMF.RES.GAS:GAS_LIVE_2020_APR_GAS3D_VINTAGE(1.0.0)
IMF.RES.GAS:GAS_LIVE_2022_JUL_GAS1_VINTAGE,GAS Live 2022 July GAS1,IMF.RES.GAS,GAS_LIVE_2022_JUL_GAS1_VINTAGE,1.0.0,IMF.RES.GAS:GAS_LIVE_2022_JUL_GAS1_VINTAGE(1.0.0)
IMF.RES.GAS:GAS_LIVE_2025_APR_FINAL_VINTAGE,GAS Live 2025 April Final,IMF.RES.GAS,GAS_LIVE_2025_APR_FINAL_VINTAGE,1.0.0,IMF.RES.GAS:GAS_LIVE_2025_APR_FINAL_VINTAGE(1.0.0)
IMF.RES.GAS:GAS_LIVE_2011_SEP_GAS2_VINTAGE,GAS Live 2011 September GAS2,IMF.RES.GAS,GAS_LIVE_2011_SEP_GAS2_VINTAGE,1.0.0,IMF.RES.GAS:GAS_LIVE_2011_SEP_GAS2_VINTAGE(1.0.0)
IMF.RES.WEO:WEO_LIVE_1998_MAY_VINTAGE,WEO Live 1998 May,IMF.RES.WEO,WEO_LIVE_1998_MAY_VINTAGE,1.0.0,IMF.RES.WEO:WEO_LIVE_1998_MAY_VINTAGE(1.0.0)
IMF.RES.WEO:WEO_LIVE_2014_JUL_VINTAGE,WEO Live 2014 July,IMF.RES.WEO,WEO_LIVE_2014_JUL_VINTAGE,1.0.0,IMF.RES.WEO:WEO_LIVE_2014_JUL_VINTAGE(1.0.0)
IMF.STA:QGDP_WCA_2026_APR_VINTAGE,"Quarterly Gross Domestic Product (GDP), World and Country Aggregates 2026 April",IMF.STA,QGDP_WCA_2026_APR_VINTAGE,1.0.0,IMF.STA:QGDP_WCA_2026_APR_VINTAGE(1.0.0)
IMF.STA:ITG_2026_FEB_VINTAGE,International Trade in Goods (ITG) 2026 February,IMF.STA,ITG_2026_FEB_VINTAGE,1.0.0,IMF.STA:ITG_2026_FEB_VINTAGE(1.0.0)
IMF.RES.GAS:GAS_LIVE_2011_APR_FINAL_VINTAGE,GAS Live 2011 April Final,IMF.RES.GAS,GAS_LIVE_2011_APR_FINAL_VINTAGE,1.0.0,IMF.RES.GAS:GAS_LIVE_2011_APR_FINAL_VINTAGE(1.0.0)
IMF.RES.GAS:GAS_LIVE_2015_OCT_GAS2_VINTAGE,GAS Live 2015 October GAS2,IMF.RES.GAS,GAS_LIVE_2015_OCT_GAS2_VINTAGE,1.0.0,IMF.RES.GAS:GAS_LIVE_2015_OCT_GAS2_VINTAGE(1.0.0)
IMF.RES.GEE:GEE_LIVE_2021_JAN_GAS1B_VINTAGE,GEE Live 2021 January GAS1b,IMF.RES.GEE,GEE_LIVE_2021_JAN_GAS1B_VINTAGE,1.0.0,IMF.RES.GEE:GEE_LIVE_2021_JAN_GAS1B_VINTAGE(1.0.0)
IMF.RES.GEE:GEE_LIVE_2024_OCT_GAS2_VINTAGE,GEE Live 2024 October GAS2,IMF.RES.GEE,GEE_LIVE_2024_OCT_GAS2_VINTAGE,1.0.0,IMF.RES.GEE:GEE_LIVE_2024_OCT_GAS2_VINTAGE(1.0.0)
IMF.RES.GAS:GAS_LIVE_2025_APR_GAS3_VINTAGE,GAS Live 2025 April GAS3,IMF.RES.GAS,GAS_LIVE_2025_APR_GAS3_VINTAGE,1.0.0,IMF.RES.GAS:GAS_LIVE_2025_APR_GAS3_VINTAGE(1.0.0)
IMF.RES.GAS:GAS_LIVE_2022_APR_GAS3B_VINTAGE,GAS Live 2022 April GAS3b,IMF.RES.GAS,GAS_LIVE_2022_APR_GAS3B_VINTAGE,1.0.0,IMF.RES.GAS:GAS_LIVE_2022_APR_GAS3B_VINTAGE(1.0.0)
IMF.RES.GEE:GEE_LIVE_2014_JUL_GAS1_VINTAGE,GEE Live 2014 July GAS1,IMF.RES.GEE,GEE_LIVE_2014_JUL_GAS1_VINTAGE,1.0.0,IMF.RES.GEE:GEE_LIVE_2014_JUL_GAS1_VINTAGE(1.0.0)
IMF.RES.WEO:WEO_LIVE_2007_JUL_VINTAGE,WEO Live 2007 July,IMF.RES.WEO,WEO_LIVE_2007_JUL_VINTAGE,1.0.0,IMF.RES.WEO:WEO_LIVE_2007_JUL_VINTAGE(1.0.0)
IMF.RES.GAS:GAS_LIVE_2003_SEP_FINAL_VINTAGE,GAS Live 2003 September Final,IMF.RES.GAS,GAS_LIVE_2003_SEP_FINAL_VINTAGE,1.0.0,IMF.RES.GAS:GAS_LIVE_2003_SEP_FINAL_VINTAGE(1.0.0)
IMF.RES.GEE:GEE_LIVE_2021_OCT_FINAL_VINTAGE,GEE Live 2021 October Final,IMF.RES.GEE,GEE_LIVE_2021_OCT_FINAL_VINTAGE,1.0.0,IMF.RES.GEE:GEE_LIVE_2021_OCT_FINAL_VINTAGE(1.0.0)
IMF.STA:IMTS_2025_DEC_VINTAGE,International Trade in Goods (by partner country) (IMTS) 2025 December,IMF.STA,IMTS_2025_DEC_VINTAGE,1.0.0,IMF.STA:IMTS_2025_DEC_VINTAGE(1.0.0)
IMF.RES.GEE:GEE_LIVE_2017_APR_GAS3_VINTAGE,GEE Live 2017 April GAS3,IMF.RES.GEE,GEE_LIVE_2017_APR_GAS3_VINTAGE,1.0.0,IMF.RES.GEE:GEE_LIVE_2017_APR_GAS3_VINTAGE(1.0.0)
IMF.RES.WEO:WEO_LIVE_2018_APR_VINTAGE,WEO Live 2018 April,IMF.RES.WEO,WEO_LIVE_2018_APR_VINTAGE,1.0.0,IMF.RES.WEO:WEO_LIVE_2018_APR_VINTAGE(1.0.0)
IMF.STA:PI_2026_FEB_VINTAGE,Production Indexes (PI) 2026 February,IMF.STA,PI_2026_FEB_VINTAGE,1.0.0,IMF.STA:PI_2026_FEB_VINTAGE(1.0.0)
IMF.STA:CPI_WCA_2026_APR_VINTAGE,"Consumer Price Index (CPI), World and Country Aggregates (CPI_WCA) 2026 April",IMF.STA,CPI_WCA_2026_APR_VINTAGE,1.0.0,IMF.STA:CPI_WCA_2026_APR_VINTAGE(1.0.0)
IMF.STA:MFS_OFC_2026_FEB_VINTAGE,"Monetary and Financial Statistics (MFS), Other Financial Corporations 2026 February",IMF.STA,MFS_OFC_2026_FEB_VINTAGE,1.0.0,IMF.STA:MFS_OFC_2026_FEB_VINTAGE(1.0.0)
IMF.RES.WEO:WEO_LIVE_2025_JAN_VINTAGE,WEO Live 2025 January,IMF.RES.WEO,WEO_LIVE_2025_JAN_VINTAGE,1.0.0,IMF.RES.WEO:WEO_LIVE_2025_JAN_VINTAGE(1.0.0)
IMF.STA:BOP_2026_JAN_VINTAGE,Balance of Payments (BOP) 2026 January,IMF.STA,BOP_2026_JAN_VINTAGE,1.0.0,IMF.STA:BOP_2026_JAN_VINTAGE(1.0.0)
IMF.RES.WEO:WEO_LIVE_2003_APR_VINTAGE,WEO Live 2003 April,IMF.RES.WEO,WEO_LIVE_2003_APR_VINTAGE,1.0.0,IMF.RES.WEO:WEO_LIVE_2003_APR_VINTAGE(1.0.0)
IMF.RES.GEE:GEE_LIVE_2014_OCT_GAS3_VINTAGE,GEE Live 2014 October GAS3,IMF.RES.GEE,GEE_LIVE_2014_OCT_GAS3_VINTAGE,1.0.0,IMF.RES.GEE:GEE_LIVE_2014_OCT_GAS3_VINTAGE(1.0.0)
IMF.RES.GEE:GEE_LIVE_2014_OCT_FINAL_VINTAGE,GEE Live 2014 October Final,IMF.RES.GEE,GEE_LIVE_2014_OCT_FINAL_VINTAGE,1.0.0,IMF.RES.GEE:GEE_LIVE_2014_OCT_FINAL_VINTAGE(1.0.0)
IMF.RES.WEO:WEO_LIVE_2026_APR_VINTAGE,WEO Live 2026 April,IMF.RES.WEO,WEO_LIVE_2026_APR_VINTAGE,1.1.0,IMF.RES.WEO:WEO_LIVE_2026_APR_VINTAGE(1.1.0)
IMF.RES.GAS:GAS_LIVE_2022_OCT_GAS3_VINTAGE,GAS Live 2022 October GAS3,IMF.RES.GAS,GAS_LIVE_2022_OCT_GAS3_VINTAGE,1.0.0,IMF.RES.GAS:GAS_LIVE_2022_OCT_GAS3_VINTAGE(1.0.0)
IMF.STA:COFER_2025_OCT_VINTAGE,Currency Composition of Official Foreign Exchange Reserves (COFER) 2025 October,IMF.STA,COFER_2025_OCT_VINTAGE,1.0.0,IMF.STA:COFER_2025_OCT_VINTAGE(1.0.0)
IMF.RES.GEE:GEE_LIVE_2007_OCT_FINAL_VINTAGE,GEE Live 2007 October Final,IMF.RES.GEE,GEE_LIVE_2007_OCT_FINAL_VINTAGE,1.0.0,IMF.RES.GEE:GEE_LIVE_2007_OCT_FINAL_VINTAGE(1.0.0)
IMF.RES.GAS:GAS_LIVE_2024_OCT_FINAL_VINTAGE,GAS Live 2024 October Final,IMF.RES.GAS,GAS_LIVE_2024_OCT_FINAL_VINTAGE,1.0.0,IMF.RES.GAS:GAS_LIVE_2024_OCT_FINAL_VINTAGE(1.0.0)
IMF.STA:IMTS_2026_APR_VINTAGE,International Trade in Goods (by partner country) (IMTS) 2026 April,IMF.STA,IMTS_2026_APR_VINTAGE,1.0.0,IMF.STA:IMTS_2026_APR_VINTAGE(1.0.0)
IMF.RES.WEO:WEO_LIVE_2022_JUL_VINTAGE,WEO Live 2022 July,IMF.RES.WEO,WEO_LIVE_2022_JUL_VINTAGE,1.0.0,IMF.RES.WEO:WEO_LIVE_2022_JUL_VINTAGE(1.0.0)
IMF.RES.GAS:GAS_LIVE_2017_OCT_FINAL_VINTAGE,GAS Live 2017 October Final,IMF.RES.GAS,GAS_LIVE_2017_OCT_FINAL_VINTAGE,1.0.0,IMF.RES.GAS:GAS_LIVE_2017_OCT_FINAL_VINTAGE(1.0.0)
IMF.RES.GEE:GEE_LIVE_2025_APR_GAS2_VINTAGE,GEE Live 2025 April GAS2,IMF.RES.GEE,GEE_LIVE_2025_APR_GAS2_VINTAGE,1.0.0,IMF.RES.GEE:GEE_LIVE_2025_APR_GAS2_VINTAGE(1.0.0)
IMF.RES.GAS:GAS_LIVE_2013_OCT_GAS2_VINTAGE,GAS Live 2013 October GAS2,IMF.RES.GAS,GAS_LIVE_2013_OCT_GAS2_VINTAGE,1.0.0,IMF.RES.GAS:GAS_LIVE_2013_OCT_GAS2_VINTAGE(1.0.0)
IMF.STA:BOP_2026_APR_VINTAGE,Balance of Payments (BOP) 2026 April,IMF.STA,BOP_2026_APR_VINTAGE,1.0.0,IMF.STA:BOP_2026_APR_VINTAGE(1.0.0)
IMF.RES.WEO:WEO_LIVE_1991_MAY_VINTAGE,WEO Live 1991 May,IMF.RES.WEO,WEO_LIVE_1991_MAY_VINTAGE,1.0.0,IMF.RES.WEO:WEO_LIVE_1991_MAY_VINTAGE(1.0.0)
IMF.RES.WEO:WEO_LIVE_2011_JUN_VINTAGE,WEO Live 2011 June,IMF.RES.WEO,WEO_LIVE_2011_JUN_VINTAGE,1.0.0,IMF.RES.WEO:WEO_LIVE_2011_JUN_VINTAGE(1.0.0)
IMF.RES.GAS:GAS_LIVE_2021_JAN_GAS1_VINTAGE,GAS Live 2021 January GAS1,IMF.RES.GAS,GAS_LIVE_2021_JAN_GAS1_VINTAGE,1.0.0,IMF.RES.GAS:GAS_LIVE_2021_JAN_GAS1_VINTAGE(1.0.0)
IMF.RES.GAS:GAS_LIVE_2020_APR_GAS3B_VINTAGE,GAS Live 2020 April GAS3b,IMF.RES.GAS,GAS_LIVE_2020_APR_GAS3B_VINTAGE,1.0.0,IMF.RES.GAS:GAS_LIVE_2020_APR_GAS3B_VINTAGE(1.0.0)
IMF.RES.GAS:GAS_LIVE_2020_APR_GAS2B_VINTAGE,GAS Live 2020 April GAS2b,IMF.RES.GAS,GAS_LIVE_2020_APR_GAS2B_VINTAGE,1.0.0,IMF.RES.GAS:GAS_LIVE_2020_APR_GAS2B_VINTAGE(1.0.0)
IMF.RES.GAS:GAS_LIVE_2022_JUL_GAS1B_VINTAGE,GAS Live 2022 July GAS1b,IMF.RES.GAS,GAS_LIVE_2022_JUL_GAS1B_VINTAGE,1.0.0,IMF.RES.GAS:GAS_LIVE_2022_JUL_GAS1B_VINTAGE(1.0.0)
IMF.RES.GEE:GEE_LIVE_2010_OCT_FINAL_VINTAGE,GEE Live 2010 October Final,IMF.RES.GEE,GEE_LIVE_2010_OCT_FINAL_VINTAGE,1.0.0,IMF.RES.GEE:GEE_LIVE_2010_OCT_FINAL_VINTAGE(1.0.0)
IMF.STA:EER_INPUTS_2026_APR_VINTAGE,"Effective Exchange Rates (EER), Inputs 2026 April",IMF.STA,EER_INPUTS_2026_APR_VINTAGE,1.0.0,IMF.STA:EER_INPUTS_2026_APR_VINTAGE(1.0.0)
IMF.RES.GEE:GEE_LIVE_2021_JAN_FINAL_VINTAGE,GEE Live 2021 January Final,IMF.RES.GEE,GEE_LIVE_2021_JAN_FINAL_VINTAGE,1.0.0,IMF.RES.GEE:GEE_LIVE_2021_JAN_FINAL_VINTAGE(1.0.0)
IMF.RES.GAS:GAS_LIVE_2024_OCT_GAS2_VINTAGE,GAS Live 2024 October GAS2,IMF.RES.GAS,GAS_LIVE_2024_OCT_GAS2_VINTAGE,1.0.0,IMF.RES.GAS:GAS_LIVE_2024_OCT_GAS2_VINTAGE(1.0.0)
IMF.RES.GEE:GEE_LIVE_2021_APR_GAS3_VINTAGE,GEE Live 2021 April GAS3,IMF.RES.GEE,GEE_LIVE_2021_APR_GAS3_VINTAGE,1.0.0,IMF.RES.GEE:GEE_LIVE_2021_APR_GAS3_VINTAGE(1.0.0)
IMF.RES.GAS:GAS_LIVE_2012_APR_GAS3_VINTAGE,GAS Live 2012 April GAS3,IMF.RES.GAS,GAS_LIVE_2012_APR_GAS3_VINTAGE,1.0.0,IMF.RES.GAS:GAS_LIVE_2012_APR_GAS3_VINTAGE(1.0.0)
IMF.RES.GEE:GEE_LIVE_2013_APR_FINAL_VINTAGE,GEE Live 2013 April Final,IMF.RES.GEE,GEE_LIVE_2013_APR_FINAL_VINTAGE,1.0.0,IMF.RES.GEE:GEE_LIVE_2013_APR_FINAL_VINTAGE(1.0.0)
IMF.STA:IIPCC_2026_APR_VINTAGE,Currency Composition of the International Investment Position (IIPCC) 2026 April,IMF.STA,IIPCC_2026_APR_VINTAGE,1.0.0,IMF.STA:IIPCC_2026_APR_VINTAGE(1.0.0)
IMF.RES.WEO:WEO_LIVE_2022_JAN_VINTAGE,WEO Live 2022 January,IMF.RES.WEO,WEO_LIVE_2022_JAN_VINTAGE,1.0.0,IMF.RES.WEO:WEO_LIVE_2022_JAN_VINTAGE(1.0.0)
IMF.STA:IIPCC_2026_FEB_VINTAGE,Currency Composition of the International Investment Position (IIPCC) 2026 February,IMF.STA,IIPCC_2026_FEB_VINTAGE,1.0.0,IMF.STA:IIPCC_2026_FEB_VINTAGE(1.0.0)
IMF.RES.GEE:GEE_LIVE_2019_JAN_GAS1_VINTAGE,GEE Live 2019 January GAS1,IMF.RES.GEE,GEE_LIVE_2019_JAN_GAS1_VINTAGE,1.0.0,IMF.RES.GEE:GEE_LIVE_2019_JAN_GAS1_VINTAGE(1.0.0)
IMF.RES.GEE:GEE_LIVE_2013_APR_GAS2_VINTAGE,GEE Live 2013 April GAS2,IMF.RES.GEE,GEE_LIVE_2013_APR_GAS2_VINTAGE,1.0.0,IMF.RES.GEE:GEE_LIVE_2013_APR_GAS2_VINTAGE(1.0.0)
IMF.RES.GEE:GEE_LIVE_2020_JAN_GAS1_VINTAGE,GEE Live 2020 January GAS1,IMF.RES.GEE,GEE_LIVE_2020_JAN_GAS1_VINTAGE,1.0.0,IMF.RES.GEE:GEE_LIVE_2020_JAN_GAS1_VINTAGE(1.0.0)
IMF.RES.GEE:GEE_LIVE_2012_JAN_GAS0_VINTAGE,GEE Live 2012 January GAS0,IMF.RES.GEE,GEE_LIVE_2012_JAN_GAS0_VINTAGE,1.0.0,IMF.RES.GEE:GEE_LIVE_2012_JAN_GAS0_VINTAGE(1.0.0)
IMF.RES.WEO:WEO_LIVE_2014_APR_VINTAGE,WEO Live 2014 April,IMF.RES.WEO,WEO_LIVE_2014_APR_VINTAGE,1.0.0,IMF.RES.WEO:WEO_LIVE_2014_APR_VINTAGE(1.0.0)
IMF.RES.GEE:GEE_LIVE_2014_APR_FINAL_VINTAGE,GEE Live 2014 April Final,IMF.RES.GEE,GEE_LIVE_2014_APR_FINAL_VINTAGE,1.0.0,IMF.RES.GEE:GEE_LIVE_2014_APR_FINAL_VINTAGE(1.0.0)
IMF.RES.GAS:GAS_LIVE_2022_APR_GAS3_VINTAGE,GAS Live 2022 April GAS3,IMF.RES.GAS,GAS_LIVE_2022_APR_GAS3_VINTAGE,1.0.0,IMF.RES.GAS:GAS_LIVE_2022_APR_GAS3_VINTAGE(1.0.0)
IMF.RES.WEO:WEO_LIVE_2015_JUL_VINTAGE,WEO Live 2015 July,IMF.RES.WEO,WEO_LIVE_2015_JUL_VINTAGE,1.0.0,IMF.RES.WEO:WEO_LIVE_2015_JUL_VINTAGE(1.0.0)
IMF.RES.WEO:WEO_LIVE_2014_OCT_VINTAGE,WEO Live 2014 October,IMF.RES.WEO,WEO_LIVE_2014_OCT_VINTAGE,1.0.0,IMF.RES.WEO:WEO_LIVE_2014_OCT_VINTAGE(1.0.0)
IMF.RES.GEE:GEE_LIVE_2016_JUL_FINAL_VINTAGE,GEE Live 2016 July Final,IMF.RES.GEE,GEE_LIVE_2016_JUL_FINAL_VINTAGE,1.0.0,IMF.RES.GEE:GEE_LIVE_2016_JUL_FINAL_VINTAGE(1.0.0)
IMF.RES.WEO:WEO_LIVE_1992_OCT_VINTAGE,WEO Live 1992 October,IMF.RES.WEO,WEO_LIVE_1992_OCT_VINTAGE,1.0.0,IMF.RES.WEO:WEO_LIVE_1992_OCT_VINTAGE(1.0.0)
IMF.RES.WEO:WEO_LIVE_2017_JAN_VINTAGE,WEO Live 2017 January,IMF.RES.WEO,WEO_LIVE_2017_JAN_VINTAGE,1.0.0,IMF.RES.WEO:WEO_LIVE_2017_JAN_VINTAGE(1.0.0)
IMF.RES.WEO:WEO_LIVE_2009_JUL_VINTAGE,WEO Live 2009 July,IMF.RES.WEO,WEO_LIVE_2009_JUL_VINTAGE,1.0.0,IMF.RES.WEO:WEO_LIVE_2009_JUL_VINTAGE(1.0.0)
IMF.RES.GAS:GAS_LIVE_2014_APR_GAS2_VINTAGE,GAS Live 2014 April GAS2,IMF.RES.GAS,GAS_LIVE_2014_APR_GAS2_VINTAGE,1.0.0,IMF.RES.GAS:GAS_LIVE_2014_APR_GAS2_VINTAGE(1.0.0)
IMF.RES.WEO:WEO_LIVE_2008_APR_VINTAGE,WEO Live 2008 April,IMF.RES.WEO,WEO_LIVE_2008_APR_VINTAGE,1.0.0,IMF.RES.WEO:WEO_LIVE_2008_APR_VINTAGE(1.0.0)
IMF.RES.GEE:GEE_LIVE_2023_APR_GAS2_VINTAGE,GEE Live 2023 April GAS2,IMF.RES.GEE,GEE_LIVE_2023_APR_GAS2_VINTAGE,1.0.0,IMF.RES.GEE:GEE_LIVE_2023_APR_GAS2_VINTAGE(1.0.0)
IMF.RES.GEE:GEE_LIVE_2012_APR_FINAL_VINTAGE,GEE Live 2012 April Final,IMF.RES.GEE,GEE_LIVE_2012_APR_FINAL_VINTAGE,1.0.0,IMF.RES.GEE:GEE_LIVE_2012_APR_FINAL_VINTAGE(1.0.0)
IMF.RES.WEO:WEO_LIVE_2020_OCT_VINTAGE,WEO Live 2020 October,IMF.RES.WEO,WEO_LIVE_2020_OCT_VINTAGE,1.0.0,IMF.RES.WEO:WEO_LIVE_2020_OCT_VINTAGE(1.0.0)
IMF.RES.GAS:GAS_LIVE_2025_JUL_GAS1_VINTAGE,GAS Live 2025 July GAS1,IMF.RES.GAS,GAS_LIVE_2025_JUL_GAS1_VINTAGE,1.0.0,IMF.RES.GAS:GAS_LIVE_2025_JUL_GAS1_VINTAGE(1.0.0)
IMF.RES.GAS:GAS_LIVE_2011_JAN_GAS1_VINTAGE,GAS Live 2011 January GAS1,IMF.RES.GAS,GAS_LIVE_2011_JAN_GAS1_VINTAGE,1.0.0,IMF.RES.GAS:GAS_LIVE_2011_JAN_GAS1_VINTAGE(1.0.0)
IMF.RES.GEE:GEE_LIVE_2015_JUL_FINAL_VINTAGE,GEE Live 2015 July Final,IMF.RES.GEE,GEE_LIVE_2015_JUL_FINAL_VINTAGE,1.0.0,IMF.RES.GEE:GEE_LIVE_2015_JUL_FINAL_VINTAGE(1.0.0)
IMF.RES.GEE:GEE_LIVE_2016_OCT_GAS3_VINTAGE,GEE Live 2016 October GAS3,IMF.RES.GEE,GEE_LIVE_2016_OCT_GAS3_VINTAGE,1.0.0,IMF.RES.GEE:GEE_LIVE_2016_OCT_GAS3_VINTAGE(1.0.0)
IMF.RES.GEE:GEE_LIVE_2015_APR_FINAL_VINTAGE,GEE Live 2015 April Final,IMF.RES.GEE,GEE_LIVE_2015_APR_FINAL_VINTAGE,1.0.0,IMF.RES.GEE:GEE_LIVE_2015_APR_FINAL_VINTAGE(1.0.0)
IMF.RES.GEE:GEE_LIVE_2022_JAN_FINAL_VINTAGE,GEE Live 2022 January Final,IMF.RES.GEE,GEE_LIVE_2022_JAN_FINAL_VINTAGE,1.0.0,IMF.RES.GEE:GEE_LIVE_2022_JAN_FINAL_VINTAGE(1.0.0)
IMF.RES.WEO:WEO_LIVE_2013_OCT_VINTAGE,WEO Live 2013 October,IMF.RES.WEO,WEO_LIVE_2013_OCT_VINTAGE,1.0.0,IMF.RES.WEO:WEO_LIVE_2013_OCT_VINTAGE(1.0.0)
IMF.RES.GAS:GAS_LIVE_2018_APR_GAS2_VINTAGE,GAS Live 2018 April GAS2,IMF.RES.GAS,GAS_LIVE_2018_APR_GAS2_VINTAGE,1.0.0,IMF.RES.GAS:GAS_LIVE_2018_APR_GAS2_VINTAGE(1.0.0)
IMF.RES.GAS:GAS_LIVE_2010_OCT_GAS2_VINTAGE,GAS Live 2010 October GAS2,IMF.RES.GAS,GAS_LIVE_2010_OCT_GAS2_VINTAGE,1.0.0,IMF.RES.GAS:GAS_LIVE_2010_OCT_GAS2_VINTAGE(1.0.0)
IMF.STA:MFS_IR_2026_FEB_VINTAGE,"Monetary and Financial Statistics (MFS), Interest Rate 2026 February",IMF.STA,MFS_IR_2026_FEB_VINTAGE,1.0.0,IMF.STA:MFS_IR_2026_FEB_VINTAGE(1.0.0)
IMF.RES.GAS:GAS_LIVE_2017_OCT_GAS3_VINTAGE,GAS Live 2017 October GAS3,IMF.RES.GAS,GAS_LIVE_2017_OCT_GAS3_VINTAGE,1.0.0,IMF.RES.GAS:GAS_LIVE_2017_OCT_GAS3_VINTAGE(1.0.0)
IMF.RES.GEE:GEE_LIVE_2024_JAN_FINAL_VINTAGE,GEE Live 2024 January Final,IMF.RES.GEE,GEE_LIVE_2024_JAN_FINAL_VINTAGE,1.0.0,IMF.RES.GEE:GEE_LIVE_2024_JAN_FINAL_VINTAGE(1.0.0)
IMF.RES.GEE:GEE_LIVE_2018_JUL_FINAL_VINTAGE,GEE Live 2018 July Final,IMF.RES.GEE,GEE_LIVE_2018_JUL_FINAL_VINTAGE,1.0.0,IMF.RES.GEE:GEE_LIVE_2018_JUL_FINAL_VINTAGE(1.0.0)
IMF.RES.WEO:WEO_LIVE_2013_APR_VINTAGE,WEO Live 2013 April,IMF.RES.WEO,WEO_LIVE_2013_APR_VINTAGE,1.0.0,IMF.RES.WEO:WEO_LIVE_2013_APR_VINTAGE(1.0.0)
IMF.RES.GEE:GEE_LIVE_2011_APR_FINAL_VINTAGE,GEE Live 2011 April Final,IMF.RES.GEE,GEE_LIVE_2011_APR_FINAL_VINTAGE,1.0.0,IMF.RES.GEE:GEE_LIVE_2011_APR_FINAL_VINTAGE(1.0.0)
IMF.RES.WEO:WEO_LIVE_1991_OCT_VINTAGE,WEO Live 1991 October,IMF.RES.WEO,WEO_LIVE_1991_OCT_VINTAGE,1.0.0,IMF.RES.WEO:WEO_LIVE_1991_OCT_VINTAGE(1.0.0)
IMF.STA:MFS_IR_2026_APR_VINTAGE,"Monetary and Financial Statistics (MFS), Interest Rate 2026 April",IMF.STA,MFS_IR_2026_APR_VINTAGE,1.0.0,IMF.STA:MFS_IR_2026_APR_VINTAGE(1.0.0)
IMF.RES.GEE:GEE_LIVE_2023_JAN_FINAL_VINTAGE,GEE Live 2023 January Final,IMF.RES.GEE,GEE_LIVE_2023_JAN_FINAL_VINTAGE,1.0.0,IMF.RES.GEE:GEE_LIVE_2023_JAN_FINAL_VINTAGE(1.0.0)
IMF.RES.GEE:GEE_LIVE_2019_JUL_GAS1_VINTAGE,GEE Live 2019 July GAS1,IMF.RES.GEE,GEE_LIVE_2019_JUL_GAS1_VINTAGE,1.0.0,IMF.RES.GEE:GEE_LIVE_2019_JUL_GAS1_VINTAGE(1.0.0)
IMF.RES.GEE:GEE_LIVE_2016_APR_FINAL_VINTAGE,GEE Live 2016 April Final,IMF.RES.GEE,GEE_LIVE_2016_APR_FINAL_VINTAGE,1.0.0,IMF.RES.GEE:GEE_LIVE_2016_APR_FINAL_VINTAGE(1.0.0)
IMF.RES.WEO:WEO_LIVE_2009_APR_VINTAGE,WEO Live 2009 April,IMF.RES.WEO,WEO_LIVE_2009_APR_VINTAGE,1.0.0,IMF.RES.WEO:WEO_LIVE_2009_APR_VINTAGE(1.0.0)
IMF.RES.WEO:WEO_LIVE_2009_OCT_VINTAGE,WEO Live 2009 October,IMF.RES.WEO,WEO_LIVE_2009_OCT_VINTAGE,1.0.0,IMF.RES.WEO:WEO_LIVE_2009_OCT_VINTAGE(1.0.0)
IMF.RES.WEO:WEO_LIVE_2021_JAN_VINTAGE,WEO Live 2021 January,IMF.RES.WEO,WEO_LIVE_2021_JAN_VINTAGE,1.0.0,IMF.RES.WEO:WEO_LIVE_2021_JAN_VINTAGE(1.0.0)
IMF.RES.GAS:GAS_LIVE_2005_SEP_FINAL_VINTAGE,GAS Live 2005 September Final,IMF.RES.GAS,GAS_LIVE_2005_SEP_FINAL_VINTAGE,1.0.0,IMF.RES.GAS:GAS_LIVE_2005_SEP_FINAL_VINTAGE(1.0.0)
IMF.RES.GEE:GEE_LIVE_2018_OCT_GAS2_VINTAGE,GEE Live 2018 October GAS2,IMF.RES.GEE,GEE_LIVE_2018_OCT_GAS2_VINTAGE,1.0.0,IMF.RES.GEE:GEE_LIVE_2018_OCT_GAS2_VINTAGE(1.0.0)
IMF.RES.WEO:WEO_LIVE_2020_JAN_ICP2021PPP_VINTAGE,WEO Live 2020 January (ICP2021PPP Weights),IMF.RES.WEO,WEO_LIVE_2020_JAN_ICP2021PPP_VINTAGE,1.0.0,IMF.RES.WEO:WEO_LIVE_2020_JAN_ICP2021PPP_VINTAGE(1.0.0)
IMF.RES.GAS:GAS_LIVE_2007_OCT_FINAL_VINTAGE,GAS Live 2007 October Final,IMF.RES.GAS,GAS_LIVE_2007_OCT_FINAL_VINTAGE,1.0.0,IMF.RES.GAS:GAS_LIVE_2007_OCT_FINAL_VINTAGE(1.0.0)
IMF.RES.WEO:WEO_LIVE_2007_OCT_VINTAGE,WEO Live 2007 October,IMF.RES.WEO,WEO_LIVE_2007_OCT_VINTAGE,1.0.0,IMF.RES.WEO:WEO_LIVE_2007_OCT_VINTAGE(1.0.0)
IMF.RES.GEE:GEE_LIVE_2015_JAN_GAS1_VINTAGE,GEE Live 2015 January GAS1,IMF.RES.GEE,GEE_LIVE_2015_JAN_GAS1_VINTAGE,1.0.0,IMF.RES.GEE:GEE_LIVE_2015_JAN_GAS1_VINTAGE(1.0.0)
IMF.STA:QNEA_2026_APR_VINTAGE,"National Economic Accounts (NEA), Quarterly Data 2026 April",IMF.STA,QNEA_2026_APR_VINTAGE,1.0.0,IMF.STA:QNEA_2026_APR_VINTAGE(1.0.0)
IMF.RES.WEO:WEO_LIVE_1993_OCT_VINTAGE,WEO Live 1993 October,IMF.RES.WEO,WEO_LIVE_1993_OCT_VINTAGE,1.0.0,IMF.RES.WEO:WEO_LIVE_1993_OCT_VINTAGE(1.0.0)
IMF.RES.WEO:WEO_LIVE_2021_JUL_VINTAGE,WEO Live 2021 July,IMF.RES.WEO,WEO_LIVE_2021_JUL_VINTAGE,1.0.0,IMF.RES.WEO:WEO_LIVE_2021_JUL_VINTAGE(1.0.0)
IMF.RES.GEE:GEE_LIVE_2017_APR_FINAL_VINTAGE,GEE Live 2017 April Final,IMF.RES.GEE,GEE_LIVE_2017_APR_FINAL_VINTAGE,1.0.0,IMF.RES.GEE:GEE_LIVE_2017_APR_FINAL_VINTAGE(1.0.0)
IMF.RES.WEO:WEO_LIVE_2015_APR_VINTAGE,WEO Live 2015 April,IMF.RES.WEO,WEO_LIVE_2015_APR_VINTAGE,1.0.0,IMF.RES.WEO:WEO_LIVE_2015_APR_VINTAGE(1.0.0)
IMF.RES.WEO:WEO_LIVE_1990_MAY_VINTAGE,WEO Live 1990 May,IMF.RES.WEO,WEO_LIVE_1990_MAY_VINTAGE,1.0.0,IMF.RES.WEO:WEO_LIVE_1990_MAY_VINTAGE(1.0.0)
IMF.RES.GEE:GEE_LIVE_2017_JUL_FINAL_VINTAGE,GEE Live 2017 July Final,IMF.RES.GEE,GEE_LIVE_2017_JUL_FINAL_VINTAGE,1.0.0,IMF.RES.GEE:GEE_LIVE_2017_JUL_FINAL_VINTAGE(1.0.0)
IMF.RES.GAS:GAS_LIVE_2006_SEP_FINAL_VINTAGE,GAS Live 2006 September Final,IMF.RES.GAS,GAS_LIVE_2006_SEP_FINAL_VINTAGE,1.0.0,IMF.RES.GAS:GAS_LIVE_2006_SEP_FINAL_VINTAGE(1.0.0)
IMF.RES.GEE:GEE_LIVE_2010_APR_FINAL_VINTAGE,GEE Live 2010 April Final,IMF.RES.GEE,GEE_LIVE_2010_APR_FINAL_VINTAGE,1.0.0,IMF.RES.GEE:GEE_LIVE_2010_APR_FINAL_VINTAGE(1.0.0)
IMF.STA:FA_2026_JAN_VINTAGE,Fund Accounts (FA) 2026 January,IMF.STA,FA_2026_JAN_VINTAGE,1.0.0,IMF.STA:FA_2026_JAN_VINTAGE(1.0.0)
IMF.RES.WEO:WEO_LIVE_2021_APR_VINTAGE,WEO Live 2021 April,IMF.RES.WEO,WEO_LIVE_2021_APR_VINTAGE,1.0.0,IMF.RES.WEO:WEO_LIVE_2021_APR_VINTAGE(1.0.0)
IMF.RES.GEE:GEE_LIVE_2015_OCT_FINAL_VINTAGE,GEE Live 2015 October Final,IMF.RES.GEE,GEE_LIVE_2015_OCT_FINAL_VINTAGE,1.0.0,IMF.RES.GEE:GEE_LIVE_2015_OCT_FINAL_VINTAGE(1.0.0)
IMF.STA:MFS_CBS_2026_APR_VINTAGE,"Monetary and Financial Statistics (MFS), Central Bank Data 2026 April",IMF.STA,MFS_CBS_2026_APR_VINTAGE,1.0.0,IMF.STA:MFS_CBS_2026_APR_VINTAGE(1.0.0)
IMF.RES.GAS:GAS_LIVE_2025_APR_GAS3B_VINTAGE,GAS Live 2025 April GAS3b,IMF.RES.GAS,GAS_LIVE_2025_APR_GAS3B_VINTAGE,1.0.0,IMF.RES.GAS:GAS_LIVE_2025_APR_GAS3B_VINTAGE(1.0.0)
IMF.RES.WEO:WEO_LIVE_2015_JAN_VINTAGE,WEO Live 2015 January,IMF.RES.WEO,WEO_LIVE_2015_JAN_VINTAGE,1.0.0,IMF.RES.WEO:WEO_LIVE_2015_JAN_VINTAGE(1.0.0)
IMF.RES.GEE:GEE_LIVE_2026_JAN_FINAL_VINTAGE,GEE Live 2026 January Final,IMF.RES.GEE,GEE_LIVE_2026_JAN_FINAL_VINTAGE,1.0.0,IMF.RES.GEE:GEE_LIVE_2026_JAN_FINAL_VINTAGE(1.0.0)
IMF.RES.GEE:GEE_LIVE_2024_JAN_GAS1_VINTAGE,GEE Live 2024 January GAS1,IMF.RES.GEE,GEE_LIVE_2024_JAN_GAS1_VINTAGE,1.0.0,IMF.RES.GEE:GEE_LIVE_2024_JAN_GAS1_VINTAGE(1.0.0)
IMF.AFR:AFRREO_2025_OCT_VINTAGE,Sub-Saharan Africa Regional Economic Outlook (AFRREO) 2025 October,IMF.AFR,AFRREO_2025_OCT_VINTAGE,1.0.0,IMF.AFR:AFRREO_2025_OCT_VINTAGE(1.0.0)
IMF.RES.GEE:GEE_LIVE_2025_OCT_FINAL_VINTAGE,GEE Live 2025 October Final,IMF.RES.GEE,GEE_LIVE_2025_OCT_FINAL_VINTAGE,1.0.0,IMF.RES.GEE:GEE_LIVE_2025_OCT_FINAL_VINTAGE(1.0.0)
IMF.STA:EER_2026_APR_VINTAGE,Effective Exchange Rates (ER) 2026 April,IMF.STA,EER_2026_APR_VINTAGE,1.0.0,IMF.STA:EER_2026_APR_VINTAGE(1.0.0)
IMF.RES.WEO:WEO_LIVE_2024_JAN_VINTAGE,WEO Live 2024 January,IMF.RES.WEO,WEO_LIVE_2024_JAN_VINTAGE,1.0.0,IMF.RES.WEO:WEO_LIVE_2024_JAN_VINTAGE(1.0.0)
IMF.RES.GEE:GEE_LIVE_2014_JAN_GAS1_VINTAGE,GEE Live 2014 January GAS1,IMF.RES.GEE,GEE_LIVE_2014_JAN_GAS1_VINTAGE,1.0.0,IMF.RES.GEE:GEE_LIVE_2014_JAN_GAS1_VINTAGE(1.0.0)
IMF.STA:SPE_2026_APR_VINTAGE,Special Purpose Entities (SPEs) 2026 April,IMF.STA,SPE_2026_APR_VINTAGE,1.0.0,IMF.STA:SPE_2026_APR_VINTAGE(1.0.0)
IMF.RES.GAS:GAS_LIVE_2019_OCT_GAS2_VINTAGE,GAS Live 2019 October GAS2,IMF.RES.GAS,GAS_LIVE_2019_OCT_GAS2_VINTAGE,1.0.0,IMF.RES.GAS:GAS_LIVE_2019_OCT_GAS2_VINTAGE(1.0.0)
IMF.RES.GEE:GEE_LIVE_2025_JAN_GAS1_VINTAGE,GEE Live 2025 January GAS1,IMF.RES.GEE,GEE_LIVE_2025_JAN_GAS1_VINTAGE,1.0.0,IMF.RES.GEE:GEE_LIVE_2025_JAN_GAS1_VINTAGE(1.0.0)
IMF.RES.GAS:GAS_LIVE_2015_JAN_GAS1_VINTAGE,GAS Live 2015 January GAS1,IMF.RES.GAS,GAS_LIVE_2015_JAN_GAS1_VINTAGE,1.0.0,IMF.RES.GAS:GAS_LIVE_2015_JAN_GAS1_VINTAGE(1.0.0)
IMF.RES.GEE:GEE_LIVE_2018_APR_GAS2_VINTAGE,GEE Live 2018 April GAS2,IMF.RES.GEE,GEE_LIVE_2018_APR_GAS2_VINTAGE,1.0.0,IMF.RES.GEE:GEE_LIVE_2018_APR_GAS2_VINTAGE(1.0.0)
IMF.STA:ER_2026_JAN_VINTAGE,Exchange Rates (ER) 2026 January,IMF.STA,ER_2026_JAN_VINTAGE,1.0.0,IMF.STA:ER_2026_JAN_VINTAGE(1.0.0)
IMF.RES.GAS:GAS_LIVE_2016_APR_GAS3_VINTAGE,GAS Live 2016 April GAS3,IMF.RES.GAS,GAS_LIVE_2016_APR_GAS3_VINTAGE,1.0.0,IMF.RES.GAS:GAS_LIVE_2016_APR_GAS3_VINTAGE(1.0.0)
IMF.RES.GAS:GAS_LIVE_2016_OCT_GAS3_VINTAGE,GAS Live 2016 October GAS3,IMF.RES.GAS,GAS_LIVE_2016_OCT_GAS3_VINTAGE,1.0.0,IMF.RES.GAS:GAS_LIVE_2016_OCT_GAS3_VINTAGE(1.0.0)
IMF.RES.GEE:GEE_LIVE_2026_APR_FINAL_VINTAGE,GEE Live 2026 April Final,IMF.RES.GEE,GEE_LIVE_2026_APR_FINAL_VINTAGE,1.0.0,IMF.RES.GEE:GEE_LIVE_2026_APR_FINAL_VINTAGE(1.0.0)
IMF.RES.GEE:GEE_LIVE_2025_OCT_GAS3_VINTAGE,GEE Live 2025 October GAS3,IMF.RES.GEE,GEE_LIVE_2025_OCT_GAS3_VINTAGE,1.0.0,IMF.RES.GEE:GEE_LIVE_2025_OCT_GAS3_VINTAGE(1.0.0)
IMF.STA:PI_WCA_2026_APR_VINTAGE,"Production Indexes, World and Country Group Aggregates 2026 April",IMF.STA,PI_WCA_2026_APR_VINTAGE,1.0.0,IMF.STA:PI_WCA_2026_APR_VINTAGE(1.0.0)
IMF.RES.GEE:GEE_LIVE_2019_APR_FINAL_VINTAGE,GEE Live 2019 April Final,IMF.RES.GEE,GEE_LIVE_2019_APR_FINAL_VINTAGE,1.0.0,IMF.RES.GEE:GEE_LIVE_2019_APR_FINAL_VINTAGE(1.0.0)
IMF.STA:QNEA_2026_FEB_VINTAGE,"National Economic Accounts (NEA), Quarterly Data 2026 February",IMF.STA,QNEA_2026_FEB_VINTAGE,1.0.0,IMF.STA:QNEA_2026_FEB_VINTAGE(1.0.0)
IMF.RES.GEE:GEE_LIVE_2022_JAN_GAS1B_VINTAGE,GEE Live 2022 January GAS1b,IMF.RES.GEE,GEE_LIVE_2022_JAN_GAS1B_VINTAGE,1.0.0,IMF.RES.GEE:GEE_LIVE_2022_JAN_GAS1B_VINTAGE(1.0.0)
IMF.RES.GAS:GAS_LIVE_2020_OCT_GAS2_VINTAGE,GAS Live 2020 October GAS2,IMF.RES.GAS,GAS_LIVE_2020_OCT_GAS2_VINTAGE,1.0.0,IMF.RES.GAS:GAS_LIVE_2020_OCT_GAS2_VINTAGE(1.0.0)
IMF.RES.GEE:GEE_LIVE_2015_JAN_GAS1B_VINTAGE,GEE Live 2015 January GAS1b,IMF.RES.GEE,GEE_LIVE_2015_JAN_GAS1B_VINTAGE,1.0.0,IMF.RES.GEE:GEE_LIVE_2015_JAN_GAS1B_VINTAGE(1.0.0)
IMF.RES.WEO:WEO_LIVE_2015_OCT_VINTAGE,WEO Live 2015 October,IMF.RES.WEO,WEO_LIVE_2015_OCT_VINTAGE,1.0.0,IMF.RES.WEO:WEO_LIVE_2015_OCT_VINTAGE(1.0.0)
IMF.RES.GEE:GEE_LIVE_2017_OCT_GAS2_VINTAGE,GEE Live 2017 October GAS2,IMF.RES.GEE,GEE_LIVE_2017_OCT_GAS2_VINTAGE,1.0.0,IMF.RES.GEE:GEE_LIVE_2017_OCT_GAS2_VINTAGE(1.0.0)
IMF.RES.WEO:WEO_LIVE_2011_SEP_VINTAGE,WEO Live 2011 September,IMF.RES.WEO,WEO_LIVE_2011_SEP_VINTAGE,1.0.0,IMF.RES.WEO:WEO_LIVE_2011_SEP_VINTAGE(1.0.0)
IMF.RES.GAS:GAS_LIVE_2016_JAN_GAS1_VINTAGE,GAS Live 2016 January GAS1,IMF.RES.GAS,GAS_LIVE_2016_JAN_GAS1_VINTAGE,1.0.0,IMF.RES.GAS:GAS_LIVE_2016_JAN_GAS1_VINTAGE(1.0.0)
IMF.RES.WEO:WEO_LIVE_2008_JUL_VINTAGE,WEO Live 2008 July,IMF.RES.WEO,WEO_LIVE_2008_JUL_VINTAGE,1.0.0,IMF.RES.WEO:WEO_LIVE_2008_JUL_VINTAGE(1.0.0)
IMF.STA:PI_2026_JAN_VINTAGE,Production Indexes (PI) 2026 January,IMF.STA,PI_2026_JAN_VINTAGE,1.0.0,IMF.STA:PI_2026_JAN_VINTAGE(1.0.0)
IMF.STA:ER_2026_APR_VINTAGE,Exchange Rates (ER) 2026 April,IMF.STA,ER_2026_APR_VINTAGE,1.0.0,IMF.STA:ER_2026_APR_VINTAGE(1.0.0)
IMF.RES.GAS:GAS_LIVE_2017_APR_GAS3_VINTAGE,GAS Live 2017 April GAS3,IMF.RES.GAS,GAS_LIVE_2017_APR_GAS3_VINTAGE,1.0.0,IMF.RES.GAS:GAS_LIVE_2017_APR_GAS3_VINTAGE(1.0.0)
IMF.RES.WEO:WEO_LIVE_2023_JAN_VINTAGE,WEO Live 2023 January,IMF.RES.WEO,WEO_LIVE_2023_JAN_VINTAGE,1.0.0,IMF.RES.WEO:WEO_LIVE_2023_JAN_VINTAGE(1.0.0)
IMF.RES.WEO:WEO_LIVE_2012_APR_VINTAGE,WEO Live 2012 April,IMF.RES.WEO,WEO_LIVE_2012_APR_VINTAGE,1.0.0,IMF.RES.WEO:WEO_LIVE_2012_APR_VINTAGE(1.0.0)
IMF.RES.WEO:WEO_LIVE_2013_JUL_VINTAGE,WEO Live 2013 July,IMF.RES.WEO,WEO_LIVE_2013_JUL_VINTAGE,1.0.0,IMF.RES.WEO:WEO_LIVE_2013_JUL_VINTAGE(1.0.0)
IMF.RES.WEO:WEO_LIVE_2016_OCT_VINTAGE,WEO Live 2016 October,IMF.RES.WEO,WEO_LIVE_2016_OCT_VINTAGE,1.0.0,IMF.RES.WEO:WEO_LIVE_2016_OCT_VINTAGE(1.0.0)
IMF.RES.GEE:GEE_LIVE_2022_OCT_FINAL_VINTAGE,GEE Live 2022 October Final,IMF.RES.GEE,GEE_LIVE_2022_OCT_FINAL_VINTAGE,1.0.0,IMF.RES.GEE:GEE_LIVE_2022_OCT_FINAL_VINTAGE(1.0.0)
IMF.RES.GAS:GAS_LIVE_2008_APR_FINAL_VINTAGE,GAS Live 2008 April Final,IMF.RES.GAS,GAS_LIVE_2008_APR_FINAL_VINTAGE,1.0.0,IMF.RES.GAS:GAS_LIVE_2008_APR_FINAL_VINTAGE(1.0.0)
IMF.RES.GAS:GAS_LIVE_2012_OCT_GAS3_VINTAGE,GAS Live 2012 October GAS3,IMF.RES.GAS,GAS_LIVE_2012_OCT_GAS3_VINTAGE,1.0.0,IMF.RES.GAS:GAS_LIVE_2012_OCT_GAS3_VINTAGE(1.0.0)
IMF.RES.GAS:GAS_LIVE_2004_SEP_FINAL_VINTAGE,GAS Live 2004 September Final,IMF.RES.GAS,GAS_LIVE_2004_SEP_FINAL_VINTAGE,1.0.0,IMF.RES.GAS:GAS_LIVE_2004_SEP_FINAL_VINTAGE(1.0.0)
IMF.RES.WEO:WEO_LIVE_2019_JAN_VINTAGE,WEO Live 2019 January,IMF.RES.WEO,WEO_LIVE_2019_JAN_VINTAGE,1.0.0,IMF.RES.WEO:WEO_LIVE_2019_JAN_VINTAGE(1.0.0)
IMF.RES.GAS:GAS_LIVE_2016_JUL_GAS1_VINTAGE,GAS Live 2016 July GAS1,IMF.RES.GAS,GAS_LIVE_2016_JUL_GAS1_VINTAGE,1.0.0,IMF.RES.GAS:GAS_LIVE_2016_JUL_GAS1_VINTAGE(1.0.0)
IMF.STA:ER_2026_FEB_VINTAGE,Exchange Rates (ER) 2026 February,IMF.STA,ER_2026_FEB_VINTAGE,2.0.0,IMF.STA:ER_2026_FEB_VINTAGE(2.0.0)
IMF.RES.GEE:GEE_LIVE_2013_JUL_FINAL_VINTAGE,GEE Live 2013 July Final,IMF.RES.GEE,GEE_LIVE_2013_JUL_FINAL_VINTAGE,1.0.0,IMF.RES.GEE:GEE_LIVE_2013_JUL_FINAL_VINTAGE(1.0.0)
IMF.RES.GAS:GAS_LIVE_2023_APR_GAS3B_VINTAGE,GAS Live 2023 April GAS3b,IMF.RES.GAS,GAS_LIVE_2023_APR_GAS3B_VINTAGE,1.0.0,IMF.RES.GAS:GAS_LIVE_2023_APR_GAS3B_VINTAGE(1.0.0)
IMF.STA:IL_2026_APR_VINTAGE,International Liquidity (IL) 2026 April,IMF.STA,IL_2026_APR_VINTAGE,1.0.0,IMF.STA:IL_2026_APR_VINTAGE(1.0.0)
IMF.RES.GEE:GEE_LIVE_2013_OCT_FINAL_VINTAGE,GEE Live 2013 October Final,IMF.RES.GEE,GEE_LIVE_2013_OCT_FINAL_VINTAGE,1.0.0,IMF.RES.GEE:GEE_LIVE_2013_OCT_FINAL_VINTAGE(1.0.0)
IMF.RES.GEE:GEE_LIVE_2013_OCT_GAS2_VINTAGE,GEE Live 2013 October GAS2,IMF.RES.GEE,GEE_LIVE_2013_OCT_GAS2_VINTAGE,1.0.0,IMF.RES.GEE:GEE_LIVE_2013_OCT_GAS2_VINTAGE(1.0.0)
IMF.RES.WEO:WEO_LIVE_2016_JUL_VINTAGE,WEO Live 2016 July,IMF.RES.WEO,WEO_LIVE_2016_JUL_VINTAGE,1.0.0,IMF.RES.WEO:WEO_LIVE_2016_JUL_VINTAGE(1.0.0)
IMF.RES.GAS:GAS_LIVE_2023_APR_GAS2_VINTAGE,GAS Live 2023 April GAS2,IMF.RES.GAS,GAS_LIVE_2023_APR_GAS2_VINTAGE,1.0.0,IMF.RES.GAS:GAS_LIVE_2023_APR_GAS2_VINTAGE(1.0.0)
IMF.RES.GEE:GEE_LIVE_2025_JUL_GAS1_VINTAGE,GEE Live 2025 July GAS1,IMF.RES.GEE,GEE_LIVE_2025_JUL_GAS1_VINTAGE,1.0.0,IMF.RES.GEE:GEE_LIVE_2025_JUL_GAS1_VINTAGE(1.0.0)
IMF.RES.GAS:GAS_LIVE_2010_JUN_GAS0_VINTAGE,GAS Live 2010 June GAS0,IMF.RES.GAS,GAS_LIVE_2010_JUN_GAS0_VINTAGE,1.0.0,IMF.RES.GAS:GAS_LIVE_2010_JUN_GAS0_VINTAGE(1.0.0)
IMF.RES.WEO:WEO_LIVE_2016_JAN_VINTAGE,WEO Live 2016 January,IMF.RES.WEO,WEO_LIVE_2016_JAN_VINTAGE,1.0.0,IMF.RES.WEO:WEO_LIVE_2016_JAN_VINTAGE(1.0.0)
IMF.RES.GAS:GAS_LIVE_2009_OCT_FINAL_VINTAGE,GAS Live 2009 October Final,IMF.RES.GAS,GAS_LIVE_2009_OCT_FINAL_VINTAGE,1.0.0,IMF.RES.GAS:GAS_LIVE_2009_OCT_FINAL_VINTAGE(1.0.0)
IMF.RES.GEE:GEE_LIVE_2021_OCT_GAS3_VINTAGE,GEE Live 2021 October GAS3,IMF.RES.GEE,GEE_LIVE_2021_OCT_GAS3_VINTAGE,1.0.0,IMF.RES.GEE:GEE_LIVE_2021_OCT_GAS3_VINTAGE(1.0.0)
IMF.RES.GAS:GAS_LIVE_2015_JUL_GAS1_VINTAGE,GAS Live 2015 July GAS1,IMF.RES.GAS,GAS_LIVE_2015_JUL_GAS1_VINTAGE,1.0.0,IMF.RES.GAS:GAS_LIVE_2015_JUL_GAS1_VINTAGE(1.0.0)
IMF.RES.GEE:GEE_LIVE_2019_OCT_GAS3B_VINTAGE,GEE Live 2019 October GAS3b,IMF.RES.GEE,GEE_LIVE_2019_OCT_GAS3B_VINTAGE,1.0.0,IMF.RES.GEE:GEE_LIVE_2019_OCT_GAS3B_VINTAGE(1.0.0)
IMF.RES.WEO:WEO_LIVE_2020_JAN_VINTAGE,WEO Live 2020 January,IMF.RES.WEO,WEO_LIVE_2020_JAN_VINTAGE,1.0.0,IMF.RES.WEO:WEO_LIVE_2020_JAN_VINTAGE(1.0.0)
IMF.RES.GAS:GAS_LIVE_2013_OCT_GAS3_VINTAGE,GAS Live 2013 October GAS3,IMF.RES.GAS,GAS_LIVE_2013_OCT_GAS3_VINTAGE,1.0.0,IMF.RES.GAS:GAS_LIVE_2013_OCT_GAS3_VINTAGE(1.0.0)
IMF.RES.GAS:GAS_LIVE_2019_JAN_GAS1_VINTAGE,GAS Live 2019 January GAS1,IMF.RES.GAS,GAS_LIVE_2019_JAN_GAS1_VINTAGE,1.0.0,IMF.RES.GAS:GAS_LIVE_2019_JAN_GAS1_VINTAGE(1.0.0)
IMF.STA:MFS_MA_2026_JAN_VINTAGE,"Monetary and Financial Statistics (MFS), Monetary Aggregates 2026 January",IMF.STA,MFS_MA_2026_JAN_VINTAGE,1.0.0,IMF.STA:MFS_MA_2026_JAN_VINTAGE(1.0.0)
IMF.RES.GEE:GEE_LIVE_2024_JUL_GAS1_VINTAGE,GEE Live 2024 July GAS1,IMF.RES.GEE,GEE_LIVE_2024_JUL_GAS1_VINTAGE,1.0.0,IMF.RES.GEE:GEE_LIVE_2024_JUL_GAS1_VINTAGE(1.0.0)
IMF.RES.GEE:GEE_LIVE_2025_APR_GAS3_VINTAGE,GEE Live 2025 April GAS3,IMF.RES.GEE,GEE_LIVE_2025_APR_GAS3_VINTAGE,1.0.0,IMF.RES.GEE:GEE_LIVE_2025_APR_GAS3_VINTAGE(1.0.0)
IMF.RES.GEE:GEE_LIVE_2020_OCT_FINAL_VINTAGE,GEE Live 2020 October Final,IMF.RES.GEE,GEE_LIVE_2020_OCT_FINAL_VINTAGE,1.0.0,IMF.RES.GEE:GEE_LIVE_2020_OCT_FINAL_VINTAGE(1.0.0)
IMF.STA:ITG_2026_APR_VINTAGE,International Trade in Goods (ITG) 2026 April,IMF.STA,ITG_2026_APR_VINTAGE,1.0.0,IMF.STA:ITG_2026_APR_VINTAGE(1.0.0)
IMF.RES.GEE:GEE_LIVE_2017_APR_GAS2_VINTAGE,GEE Live 2017 April GAS2,IMF.RES.GEE,GEE_LIVE_2017_APR_GAS2_VINTAGE,1.0.0,IMF.RES.GEE:GEE_LIVE_2017_APR_GAS2_VINTAGE(1.0.0)
IMF.RES.WEO:WEO_LIVE_2012_OCT_VINTAGE,WEO Live 2012 October,IMF.RES.WEO,WEO_LIVE_2012_OCT_VINTAGE,1.0.0,IMF.RES.WEO:WEO_LIVE_2012_OCT_VINTAGE(1.0.0)
IMF.STA:PI_WCA_2026_JAN_VINTAGE,"Production Indexes, World and Country Group Aggregates 2026 January",IMF.STA,PI_WCA_2026_JAN_VINTAGE,1.0.0,IMF.STA:PI_WCA_2026_JAN_VINTAGE(1.0.0)
IMF.RES.GEE:GEE_LIVE_2022_OCT_GAS3_VINTAGE,GEE Live 2022 October GAS3,IMF.RES.GEE,GEE_LIVE_2022_OCT_GAS3_VINTAGE,1.0.0,IMF.RES.GEE:GEE_LIVE_2022_OCT_GAS3_VINTAGE(1.0.0)
IMF.RES.WEO:WEO_LIVE_2008_OCT_VINTAGE,WEO Live 2008 October,IMF.RES.WEO,WEO_LIVE_2008_OCT_VINTAGE,1.0.0,IMF.RES.WEO:WEO_LIVE_2008_OCT_VINTAGE(1.0.0)
IMF.RES.GEE:GEE_LIVE_2014_OCT_GAS2_VINTAGE,GEE Live 2014 October GAS2,IMF.RES.GEE,GEE_LIVE_2014_OCT_GAS2_VINTAGE,1.0.0,IMF.RES.GEE:GEE_LIVE_2014_OCT_GAS2_VINTAGE(1.0.0)
IMF.RES.WEO:WEO_LIVE_2020_APR_VINTAGE,WEO Live 2020 April,IMF.RES.WEO,WEO_LIVE_2020_APR_VINTAGE,1.0.0,IMF.RES.WEO:WEO_LIVE_2020_APR_VINTAGE(1.0.0)
IMF.RES.WEO:WEO_LIVE_2016_APR_VINTAGE,WEO Live 2016 April,IMF.RES.WEO,WEO_LIVE_2016_APR_VINTAGE,1.0.0,IMF.RES.WEO:WEO_LIVE_2016_APR_VINTAGE(1.0.0)
IMF.RES.GAS:GAS_LIVE_2024_APR_GAS2_VINTAGE,GAS Live 2024 April GAS2,IMF.RES.GAS,GAS_LIVE_2024_APR_GAS2_VINTAGE,1.0.0,IMF.RES.GAS:GAS_LIVE_2024_APR_GAS2_VINTAGE(1.0.0)
IMF.RES.GAS:GAS_LIVE_2022_JAN_GAS1C_VINTAGE,GAS Live 2022 January GAS1c,IMF.RES.GAS,GAS_LIVE_2022_JAN_GAS1C_VINTAGE,1.0.0,IMF.RES.GAS:GAS_LIVE_2022_JAN_GAS1C_VINTAGE(1.0.0)
IMF.RES.GEE:GEE_LIVE_2026_APR_GAS2_VINTAGE,GEE Live 2026 April GAS2,IMF.RES.GEE,GEE_LIVE_2026_APR_GAS2_VINTAGE,1.0.1,IMF.RES.GEE:GEE_LIVE_2026_APR_GAS2_VINTAGE(1.0.1)
IMF.RES.WEO:WEO_LIVE_2005_APR_VINTAGE,WEO Live 2005 April,IMF.RES.WEO,WEO_LIVE_2005_APR_VINTAGE,1.0.0,IMF.RES.WEO:WEO_LIVE_2005_APR_VINTAGE(1.0.0)
IMF.STA:ANEA_2026_JAN_VINTAGE,"National Economic Accounts (NEA), Annual Data 2026 January",IMF.STA,ANEA_2026_JAN_VINTAGE,1.0.0,IMF.STA:ANEA_2026_JAN_VINTAGE(1.0.0)
IMF.RES.GEE:GEE_LIVE_2022_JAN_GAS1C_VINTAGE,GEE Live 2022 January GAS1c,IMF.RES.GEE,GEE_LIVE_2022_JAN_GAS1C_VINTAGE,1.0.0,IMF.RES.GEE:GEE_LIVE_2022_JAN_GAS1C_VINTAGE(1.0.0)
IMF.RES.GAS:GAS_LIVE_2015_APR_GAS2_VINTAGE,GAS Live 2015 April GAS2,IMF.RES.GAS,GAS_LIVE_2015_APR_GAS2_VINTAGE,1.0.0,IMF.RES.GAS:GAS_LIVE_2015_APR_GAS2_VINTAGE(1.0.0)
IMF.RES.WEO:WEO_LIVE_2017_OCT_VINTAGE,WEO Live 2017 October,IMF.RES.WEO,WEO_LIVE_2017_OCT_VINTAGE,1.0.0,IMF.RES.WEO:WEO_LIVE_2017_OCT_VINTAGE(1.0.0)
IMF.RES.GEE:GEE_LIVE_2025_JUL_FINAL_VINTAGE,GEE Live 2025 July Final,IMF.RES.GEE,GEE_LIVE_2025_JUL_FINAL_VINTAGE,1.0.0,IMF.RES.GEE:GEE_LIVE_2025_JUL_FINAL_VINTAGE(1.0.0)
IMF.RES.GEE:GEE_LIVE_2023_JUL_GAS1_VINTAGE,GEE Live 2023 July GAS1,IMF.RES.GEE,GEE_LIVE_2023_JUL_GAS1_VINTAGE,1.0.0,IMF.RES.GEE:GEE_LIVE_2023_JUL_GAS1_VINTAGE(1.0.0)
IMF.RES.GAS:GAS_LIVE_2023_APR_FINAL_VINTAGE,GAS Live 2023 April Final,IMF.RES.GAS,GAS_LIVE_2023_APR_FINAL_VINTAGE,1.0.0,IMF.RES.GAS:GAS_LIVE_2023_APR_FINAL_VINTAGE(1.0.0)
IMF.RES.GEE:GEE_LIVE_2023_APR_FINAL_VINTAGE,GEE Live 2023 April Final,IMF.RES.GEE,GEE_LIVE_2023_APR_FINAL_VINTAGE,1.0.0,IMF.RES.GEE:GEE_LIVE_2023_APR_FINAL_VINTAGE(1.0.0)
IMF.RES.GEE:GEE_LIVE_2024_APR_GAS2_VINTAGE,GEE Live 2024 April GAS2,IMF.RES.GEE,GEE_LIVE_2024_APR_GAS2_VINTAGE,1.0.0,IMF.RES.GEE:GEE_LIVE_2024_APR_GAS2_VINTAGE(1.0.0)
IMF.RES.WEO:WEO_LIVE_2024_JUL_VINTAGE,WEO Live 2024 July,IMF.RES.WEO,WEO_LIVE_2024_JUL_VINTAGE,1.0.0,IMF.RES.WEO:WEO_LIVE_2024_JUL_VINTAGE(1.0.0)
IMF.RES.GAS:GAS_LIVE_2019_OCT_GAS2_JPN_EDNA_FIX_VINTAGE,GAS Live 2019 October GAS2 (JPN EDNA Fix),IMF.RES.GAS,GAS_LIVE_2019_OCT_GAS2_JPN_EDNA_FIX_VINTAGE,1.0.0,IMF.RES.GAS:GAS_LIVE_2019_OCT_GAS2_JPN_EDNA_FIX_VINTAGE(1.0.0)
IMF.RES.WEO:WEO_LIVE_2023_APR_VINTAGE,WEO Live 2023 April,IMF.RES.WEO,WEO_LIVE_2023_APR_VINTAGE,1.0.0,IMF.RES.WEO:WEO_LIVE_2023_APR_VINTAGE(1.0.0)
IMF.RES.WEO:WEO_LIVE_2008_JAN_VINTAGE,WEO Live 2008 January,IMF.RES.WEO,WEO_LIVE_2008_JAN_VINTAGE,1.0.0,IMF.RES.WEO:WEO_LIVE_2008_JAN_VINTAGE(1.0.0)
IMF.RES.GAS:GAS_LIVE_2011_APR_GAS3_VINTAGE,GAS Live 2011 April GAS3,IMF.RES.GAS,GAS_LIVE_2011_APR_GAS3_VINTAGE,1.0.0,IMF.RES.GAS:GAS_LIVE_2011_APR_GAS3_VINTAGE(1.0.0)
IMF.STA:FA_2026_APR_VINTAGE,Fund Accounts (FA) 2026 April,IMF.STA,FA_2026_APR_VINTAGE,1.0.0,IMF.STA:FA_2026_APR_VINTAGE(1.0.0)
IMF.RES.GAS:GAS_LIVE_2023_OCT_GAS2_VINTAGE,GAS Live 2023 October GAS2,IMF.RES.GAS,GAS_LIVE_2023_OCT_GAS2_VINTAGE,1.0.0,IMF.RES.GAS:GAS_LIVE_2023_OCT_GAS2_VINTAGE(1.0.0)
IMF.WHD:WHDREO_2025_OCT_VINTAGE,Western Hemisphere Regional Economic Outlook (WHDREO) 2025 October,IMF.WHD,WHDREO_2025_OCT_VINTAGE,1.0.0,IMF.WHD:WHDREO_2025_OCT_VINTAGE(1.0.0)
IMF.RES.GAS:GAS_LIVE_2005_APR_FINAL_VINTAGE,GAS Live 2005 April Final,IMF.RES.GAS,GAS_LIVE_2005_APR_FINAL_VINTAGE,1.0.0,IMF.RES.GAS:GAS_LIVE_2005_APR_FINAL_VINTAGE(1.0.0)
IMF.RES.GAS:GAS_LIVE_2012_JAN_GAS0_VINTAGE,GAS Live 2012 January GAS0,IMF.RES.GAS,GAS_LIVE_2012_JAN_GAS0_VINTAGE,1.0.0,IMF.RES.GAS:GAS_LIVE_2012_JAN_GAS0_VINTAGE(1.0.0)
IMF.RES.GEE:GEE_LIVE_2017_OCT_GAS3_VINTAGE,GEE Live 2017 October GAS3,IMF.RES.GEE,GEE_LIVE_2017_OCT_GAS3_VINTAGE,1.0.0,IMF.RES.GEE:GEE_LIVE_2017_OCT_GAS3_VINTAGE(1.0.0)
IMF.RES.GAS:GAS_LIVE_2017_APR_GAS2_VINTAGE,GAS Live 2017 April GAS2,IMF.RES.GAS,GAS_LIVE_2017_APR_GAS2_VINTAGE,1.0.0,IMF.RES.GAS:GAS_LIVE_2017_APR_GAS2_VINTAGE(1.0.0)
IMF.RES.GAS:GAS_LIVE_2013_APR_GAS3_VINTAGE,GAS Live 2013 April GAS3,IMF.RES.GAS,GAS_LIVE_2013_APR_GAS3_VINTAGE,1.0.0,IMF.RES.GAS:GAS_LIVE_2013_APR_GAS3_VINTAGE(1.0.0)
IMF.RES.GAS:GAS_LIVE_2025_OCT_GAS2_VINTAGE,GAS Live 2025 October GAS2,IMF.RES.GAS,GAS_LIVE_2025_OCT_GAS2_VINTAGE,1.0.0,IMF.RES.GAS:GAS_LIVE_2025_OCT_GAS2_VINTAGE(1.0.0)
IMF.RES.GEE:GEE_LIVE_2013_JUL_GAS1_VINTAGE,GEE Live 2013 July GAS1,IMF.RES.GEE,GEE_LIVE_2013_JUL_GAS1_VINTAGE,1.0.0,IMF.RES.GEE:GEE_LIVE_2013_JUL_GAS1_VINTAGE(1.0.0)
IMF.RES.GEE:GEE_LIVE_2019_OCT_FINAL_VINTAGE,GEE Live 2019 October Final,IMF.RES.GEE,GEE_LIVE_2019_OCT_FINAL_VINTAGE,1.0.0,IMF.RES.GEE:GEE_LIVE_2019_OCT_FINAL_VINTAGE(1.0.0)
IMF.RES.GAS:GAS_LIVE_2019_OCT_FINAL_VINTAGE,GAS Live 2019 October Final,IMF.RES.GAS,GAS_LIVE_2019_OCT_FINAL_VINTAGE,1.0.0,IMF.RES.GAS:GAS_LIVE_2019_OCT_FINAL_VINTAGE(1.0.0)
IMF.RES.GAS:GAS_LIVE_2012_JUL_GAS1_VINTAGE,GAS Live 2012 July GAS1,IMF.RES.GAS,GAS_LIVE_2012_JUL_GAS1_VINTAGE,1.0.0,IMF.RES.GAS:GAS_LIVE_2012_JUL_GAS1_VINTAGE(1.0.0)
IMF.RES.WEO:WEO_LIVE_2012_JUL_VINTAGE,WEO Live 2012 July,IMF.RES.WEO,WEO_LIVE_2012_JUL_VINTAGE,1.0.0,IMF.RES.WEO:WEO_LIVE_2012_JUL_VINTAGE(1.0.0)
IMF.RES.GAS:GAS_LIVE_2011_SEP_GAS3_VINTAGE,GAS Live 2011 September GAS3,IMF.RES.GAS,GAS_LIVE_2011_SEP_GAS3_VINTAGE,1.0.0,IMF.RES.GAS:GAS_LIVE_2011_SEP_GAS3_VINTAGE(1.0.0)
IMF.RES.GEE:GEE_LIVE_2012_OCT_GAS2_VINTAGE,GEE Live 2012 October GAS2,IMF.RES.GEE,GEE_LIVE_2012_OCT_GAS2_VINTAGE,1.0.0,IMF.RES.GEE:GEE_LIVE_2012_OCT_GAS2_VINTAGE(1.0.0)
IMF.RES.GAS:GAS_LIVE_2018_JAN_GAS1B_VINTAGE,GAS Live 2018 January GAS1b,IMF.RES.GAS,GAS_LIVE_2018_JAN_GAS1B_VINTAGE,1.0.0,IMF.RES.GAS:GAS_LIVE_2018_JAN_GAS1B_VINTAGE(1.0.0)
IMF.RES.GEE:GEE_LIVE_2021_JAN_GAS1_VINTAGE,GEE Live 2021 January GAS1,IMF.RES.GEE,GEE_LIVE_2021_JAN_GAS1_VINTAGE,1.0.0,IMF.RES.GEE:GEE_LIVE_2021_JAN_GAS1_VINTAGE(1.0.0)
IMF.RES.GEE:GEE_LIVE_2021_JUL_GAS1_VINTAGE,GEE Live 2021 July GAS1,IMF.RES.GEE,GEE_LIVE_2021_JUL_GAS1_VINTAGE,1.0.0,IMF.RES.GEE:GEE_LIVE_2021_JUL_GAS1_VINTAGE(1.0.0)
IMF.RES.GAS:GAS_LIVE_2011_SEP_FINAL_VINTAGE,GAS Live 2011 September Final,IMF.RES.GAS,GAS_LIVE_2011_SEP_FINAL_VINTAGE,1.0.0,IMF.RES.GAS:GAS_LIVE_2011_SEP_FINAL_VINTAGE(1.0.0)
IMF.RES.GAS:GAS_LIVE_2013_APR_GAS2_VINTAGE,GAS Live 2013 April GAS2,IMF.RES.GAS,GAS_LIVE_2013_APR_GAS2_VINTAGE,1.0.0,IMF.RES.GAS:GAS_LIVE_2013_APR_GAS2_VINTAGE(1.0.0)
IMF.RES.GEE:GEE_LIVE_2022_APR_GAS3_VINTAGE,GEE Live 2022 April GAS3,IMF.RES.GEE,GEE_LIVE_2022_APR_GAS3_VINTAGE,1.0.0,IMF.RES.GEE:GEE_LIVE_2022_APR_GAS3_VINTAGE(1.0.0)
IMF.RES.GEE:GEE_LIVE_2022_APR_GAS2_VINTAGE,GEE Live 2022 April GAS2,IMF.RES.GEE,GEE_LIVE_2022_APR_GAS2_VINTAGE,1.0.0,IMF.RES.GEE:GEE_LIVE_2022_APR_GAS2_VINTAGE(1.0.0)
IMF.RES.WEO:WEO_LIVE_2018_OCT_VINTAGE,WEO Live 2018 October,IMF.RES.WEO,WEO_LIVE_2018_OCT_VINTAGE,1.0.0,IMF.RES.WEO:WEO_LIVE_2018_OCT_VINTAGE(1.0.0)
IMF.RES.WEO:WEO_LIVE_2024_JUL_ICP2021PPP_VINTAGE,WEO Live 2024 July (ICP2021PPP Weights),IMF.RES.WEO,WEO_LIVE_2024_JUL_ICP2021PPP_VINTAGE,1.0.0,IMF.RES.WEO:WEO_LIVE_2024_JUL_ICP2021PPP_VINTAGE(1.0.0)
IMF.RES.GEE:GEE_LIVE_2019_OCT_GAS2_VINTAGE,GEE Live 2019 October GAS2,IMF.RES.GEE,GEE_LIVE_2019_OCT_GAS2_VINTAGE,1.0.0,IMF.RES.GEE:GEE_LIVE_2019_OCT_GAS2_VINTAGE(1.0.0)
IMF.STA:IL_2026_FEB_VINTAGE,International Liquidity (IL) 2026 February,IMF.STA,IL_2026_FEB_VINTAGE,1.0.0,IMF.STA:IL_2026_FEB_VINTAGE(1.0.0)
IMF.RES.GAS:GAS_LIVE_2006_APR_FINAL_VINTAGE,GAS Live 2006 April Final,IMF.RES.GAS,GAS_LIVE_2006_APR_FINAL_VINTAGE,1.0.0,IMF.RES.GAS:GAS_LIVE_2006_APR_FINAL_VINTAGE(1.0.0)
IMF.STA:PPI_2026_JAN_VINTAGE,Producer Price Index (PPI) 2026 January,IMF.STA,PPI_2026_JAN_VINTAGE,1.0.0,IMF.STA:PPI_2026_JAN_VINTAGE(1.0.0)
IMF.RES.WEO:WEO_LIVE_2006_APR_VINTAGE,WEO Live 2006 April,IMF.RES.WEO,WEO_LIVE_2006_APR_VINTAGE,1.0.0,IMF.RES.WEO:WEO_LIVE_2006_APR_VINTAGE(1.0.0)
IMF.STA:MFS_CBS_2026_JAN_VINTAGE,"Monetary and Financial Statistics (MFS), Central Bank Data 2026 January",IMF.STA,MFS_CBS_2026_JAN_VINTAGE,1.0.0,IMF.STA:MFS_CBS_2026_JAN_VINTAGE(1.0.0)
IMF.RES.GAS:GAS_LIVE_2012_JAN_GAS1_VINTAGE,GAS Live 2012 January GAS1,IMF.RES.GAS,GAS_LIVE_2012_JAN_GAS1_VINTAGE,1.0.0,IMF.RES.GAS:GAS_LIVE_2012_JAN_GAS1_VINTAGE(1.0.0)
IMF.RES.WEO:WEO_LIVE_2020_JUN_ICP2017PPP_VINTAGE,WEO Live 2020 June (ICP2017PPP Weights),IMF.RES.WEO,WEO_LIVE_2020_JUN_ICP2017PPP_VINTAGE,1.0.0,IMF.RES.WEO:WEO_LIVE_2020_JUN_ICP2017PPP_VINTAGE(1.0.0)
IMF.RES.WEO:WEO_LIVE_2019_JUL_VINTAGE,WEO Live 2019 July,IMF.RES.WEO,WEO_LIVE_2019_JUL_VINTAGE,1.0.0,IMF.RES.WEO:WEO_LIVE_2019_JUL_VINTAGE(1.0.0)
IMF.RES.GAS:GAS_LIVE_2019_APR_GAS2_VINTAGE,GAS Live 2019 April GAS2,IMF.RES.GAS,GAS_LIVE_2019_APR_GAS2_VINTAGE,1.0.0,IMF.RES.GAS:GAS_LIVE_2019_APR_GAS2_VINTAGE(1.0.0)
IMF.RES.GAS:GAS_LIVE_2026_APR_FINAL_VINTAGE,GAS Live 2026 April Final,IMF.RES.GAS,GAS_LIVE_2026_APR_FINAL_VINTAGE,1.0.0,IMF.RES.GAS:GAS_LIVE_2026_APR_FINAL_VINTAGE(1.0.0)
IMF.RES.WEO:WEO_LIVE_2017_JUL_VINTAGE,WEO Live 2017 July,IMF.RES.WEO,WEO_LIVE_2017_JUL_VINTAGE,1.0.0,IMF.RES.WEO:WEO_LIVE_2017_JUL_VINTAGE(1.0.0)
IMF.RES.GEE:GEE_LIVE_2020_APR_GAS3_VINTAGE,GEE Live 2020 April GAS3,IMF.RES.GEE,GEE_LIVE_2020_APR_GAS3_VINTAGE,1.0.0,IMF.RES.GEE:GEE_LIVE_2020_APR_GAS3_VINTAGE(1.0.0)
IMF.RES.GEE:GEE_LIVE_2023_OCT_FINAL_VINTAGE,GEE Live 2023 October Final,IMF.RES.GEE,GEE_LIVE_2023_OCT_FINAL_VINTAGE,1.0.0,IMF.RES.GEE:GEE_LIVE_2023_OCT_FINAL_VINTAGE(1.0.0)
IMF.RES.WEO:WEO_LIVE_2024_OCT_VINTAGE,WEO Live 2024 October,IMF.RES.WEO,WEO_LIVE_2024_OCT_VINTAGE,1.0.0,IMF.RES.WEO:WEO_LIVE_2024_OCT_VINTAGE(1.0.0)
IMF.RES.GEE:GEE_LIVE_2023_JAN_GAS1_VINTAGE,GEE Live 2023 January GAS1,IMF.RES.GEE,GEE_LIVE_2023_JAN_GAS1_VINTAGE,1.0.0,IMF.RES.GEE:GEE_LIVE_2023_JAN_GAS1_VINTAGE(1.0.0)
IMF.RES.GAS:GAS_LIVE_2014_JAN_GAS1_VINTAGE,GAS Live 2014 January GAS1,IMF.RES.GAS,GAS_LIVE_2014_JAN_GAS1_VINTAGE,1.0.0,IMF.RES.GAS:GAS_LIVE_2014_JAN_GAS1_VINTAGE(1.0.0)
IMF.RES.GAS:GAS_LIVE_2011_APR_GAS2_VINTAGE,GAS Live 2011 April GAS2,IMF.RES.GAS,GAS_LIVE_2011_APR_GAS2_VINTAGE,1.0.0,IMF.RES.GAS:GAS_LIVE_2011_APR_GAS2_VINTAGE(1.0.0)
IMF.RES.WEO:WEO_LIVE_2013_JAN_VINTAGE,WEO Live 2013 January,IMF.RES.WEO,WEO_LIVE_2013_JAN_VINTAGE,1.0.0,IMF.RES.WEO:WEO_LIVE_2013_JAN_VINTAGE(1.0.0)
IMF.RES.GEE:GEE_LIVE_2024_APR_FINAL_VINTAGE,GEE Live 2024 April Final,IMF.RES.GEE,GEE_LIVE_2024_APR_FINAL_VINTAGE,1.0.0,IMF.RES.GEE:GEE_LIVE_2024_APR_FINAL_VINTAGE(1.0.0)
IMF.STA:CPI_2026_FEB_VINTAGE,Consumer Price Index (CPI) 2026 February,IMF.STA,CPI_2026_FEB_VINTAGE,2.0.0,IMF.STA:CPI_2026_FEB_VINTAGE(2.0.0)
IMF.RES.GEE:GEE_LIVE_2003_APR_FINAL_VINTAGE,GEE Live 2003 April Final,IMF.RES.GEE,GEE_LIVE_2003_APR_FINAL_VINTAGE,1.0.0,IMF.RES.GEE:GEE_LIVE_2003_APR_FINAL_VINTAGE(1.0.0)
IMF.RES.WEO:WEO_LIVE_1995_OCT_VINTAGE,WEO Live 1995 October,IMF.RES.WEO,WEO_LIVE_1995_OCT_VINTAGE,1.0.0,IMF.RES.WEO:WEO_LIVE_1995_OCT_VINTAGE(1.0.0)
IMF.RES.GEE:GEE_LIVE_2024_JUL_FINAL_VINTAGE,GEE Live 2024 July Final,IMF.RES.GEE,GEE_LIVE_2024_JUL_FINAL_VINTAGE,1.0.0,IMF.RES.GEE:GEE_LIVE_2024_JUL_FINAL_VINTAGE(1.0.0)
IMF.RES.GEE:GEE_LIVE_2020_APR_GAS2_VINTAGE,GEE Live 2020 April GAS2,IMF.RES.GEE,GEE_LIVE_2020_APR_GAS2_VINTAGE,1.0.0,IMF.RES.GEE:GEE_LIVE_2020_APR_GAS2_VINTAGE(1.0.0)
IMF.RES.GEE:GEE_LIVE_2019_OCT_GAS3_VINTAGE,GEE Live 2019 October GAS3,IMF.RES.GEE,GEE_LIVE_2019_OCT_GAS3_VINTAGE,1.0.0,IMF.RES.GEE:GEE_LIVE_2019_OCT_GAS3_VINTAGE(1.0.0)
IMF.RES.WEO:WEO_LIVE_2014_APR_ICP2011PPP_VINTAGE,WEO Live 2014 April (ICP2011PPP Weights),IMF.RES.WEO,WEO_LIVE_2014_APR_ICP2011PPP_VINTAGE,1.0.0,IMF.RES.WEO:WEO_LIVE_2014_APR_ICP2011PPP_VINTAGE(1.0.0)
IMF.RES.GAS:GAS_LIVE_2020_APR_FINAL_VINTAGE,GAS Live 2020 April Final,IMF.RES.GAS,GAS_LIVE_2020_APR_FINAL_VINTAGE,1.0.0,IMF.RES.GAS:GAS_LIVE_2020_APR_FINAL_VINTAGE(1.0.0)
IMF.RES.GAS:GAS_LIVE_2019_JUL_GAS1_VINTAGE,GAS Live 2019 July GAS1,IMF.RES.GAS,GAS_LIVE_2019_JUL_GAS1_VINTAGE,1.0.0,IMF.RES.GAS:GAS_LIVE_2019_JUL_GAS1_VINTAGE(1.0.0)
IMF.RES.GAS:GAS_LIVE_2018_OCT_GAS2_VINTAGE,GAS Live 2018 October GAS2,IMF.RES.GAS,GAS_LIVE_2018_OCT_GAS2_VINTAGE,1.0.0,IMF.RES.GAS:GAS_LIVE_2018_OCT_GAS2_VINTAGE(1.0.0)
IMF.RES.GEE:GEE_LIVE_2017_JUL_GAS1_VINTAGE,GEE Live 2017 July GAS1,IMF.RES.GEE,GEE_LIVE_2017_JUL_GAS1_VINTAGE,1.0.0,IMF.RES.GEE:GEE_LIVE_2017_JUL_GAS1_VINTAGE(1.0.0)
IMF.RES.WEO:WEO_LIVE_1994_MAY_VINTAGE,WEO Live 1994 May,IMF.RES.WEO,WEO_LIVE_1994_MAY_VINTAGE,1.0.0,IMF.RES.WEO:WEO_LIVE_1994_MAY_VINTAGE(1.0.0)
IMF.RES.GAS:GAS_LIVE_2018_JAN_GAS1C_VINTAGE,GAS Live 2018 January GAS1c,IMF.RES.GAS,GAS_LIVE_2018_JAN_GAS1C_VINTAGE,1.0.0,IMF.RES.GAS:GAS_LIVE_2018_JAN_GAS1C_VINTAGE(1.0.0)
IMF.RES.GEE:GEE_LIVE_2013_OCT_GAS3_VINTAGE,GEE Live 2013 October GAS3,IMF.RES.GEE,GEE_LIVE_2013_OCT_GAS3_VINTAGE,1.0.0,IMF.RES.GEE:GEE_LIVE_2013_OCT_GAS3_VINTAGE(1.0.0)
IMF.RES.WEO:WEO_LIVE_2010_JUL_VINTAGE,WEO Live 2010 July,IMF.RES.WEO,WEO_LIVE_2010_JUL_VINTAGE,1.0.0,IMF.RES.WEO:WEO_LIVE_2010_JUL_VINTAGE(1.0.0)
IMF.RES.WEO:WEO_LIVE_2000_APR_VINTAGE,WEO Live 2000 April,IMF.RES.WEO,WEO_LIVE_2000_APR_VINTAGE,1.0.0,IMF.RES.WEO:WEO_LIVE_2000_APR_VINTAGE(1.0.0)
IMF.RES.GAS:GAS_LIVE_2015_JAN_GAS1B_VINTAGE,GAS Live 2015 January GAS1b,IMF.RES.GAS,GAS_LIVE_2015_JAN_GAS1B_VINTAGE,1.0.0,IMF.RES.GAS:GAS_LIVE_2015_JAN_GAS1B_VINTAGE(1.0.0)
IMF.RES.WEO:WEO_LIVE_2013_OCT_ICP2011PPP_VINTAGE,WEO Live 2013 October (ICP2011PPP Weights),IMF.RES.WEO,WEO_LIVE_2013_OCT_ICP2011PPP_VINTAGE,1.0.0,IMF.RES.WEO:WEO_LIVE_2013_OCT_ICP2011PPP_VINTAGE(1.0.0)
IMF.RES.GAS:GAS_LIVE_2025_OCT_GAS3_VINTAGE,GAS Live 2025 October GAS3,IMF.RES.GAS,GAS_LIVE_2025_OCT_GAS3_VINTAGE,1.0.0,IMF.RES.GAS:GAS_LIVE_2025_OCT_GAS3_VINTAGE(1.0.0)
IMF.RES.GAS:GAS_LIVE_2009_APR_FINAL_VINTAGE,GAS Live 2009 April Final,IMF.RES.GAS,GAS_LIVE_2009_APR_FINAL_VINTAGE,1.0.0,IMF.RES.GAS:GAS_LIVE_2009_APR_FINAL_VINTAGE(1.0.0)
IMF.STA:SPE_2026_FEB_VINTAGE,Special Purpose Entities (SPEs) 2026 February,IMF.STA,SPE_2026_FEB_VINTAGE,1.0.0,IMF.STA:SPE_2026_FEB_VINTAGE(1.0.0)
IMF.STA:PI_WCA_2026_FEB_VINTAGE,"Production Indexes, World and Country Group Aggregates 2026 February",IMF.STA,PI_WCA_2026_FEB_VINTAGE,1.0.0,IMF.STA:PI_WCA_2026_FEB_VINTAGE(1.0.0)
IMF.RES.GEE:GEE_LIVE_2016_OCT_FINAL_VINTAGE,GEE Live 2016 October Final,IMF.RES.GEE,GEE_LIVE_2016_OCT_FINAL_VINTAGE,1.0.0,IMF.RES.GEE:GEE_LIVE_2016_OCT_FINAL_VINTAGE(1.0.0)
IMF.RES.GAS:GAS_LIVE_2025_JAN_GAS1_VINTAGE,GAS Live 2025 January GAS1,IMF.RES.GAS,GAS_LIVE_2025_JAN_GAS1_VINTAGE,1.0.0,IMF.RES.GAS:GAS_LIVE_2025_JAN_GAS1_VINTAGE(1.0.0)
IMF.STA:QGFS_2026_APR_VINTAGE,Quarterly Government Finance Statistics (QGFS) 2026 April,IMF.STA,QGFS_2026_APR_VINTAGE,1.0.0,IMF.STA:QGFS_2026_APR_VINTAGE(1.0.0)
IMF.STA:MFS_IR_2026_JAN_VINTAGE,"Monetary and Financial Statistics (MFS), Interest Rate 2026 January",IMF.STA,MFS_IR_2026_JAN_VINTAGE,1.0.0,IMF.STA:MFS_IR_2026_JAN_VINTAGE(1.0.0)
IMF.RES.GEE:GEE_LIVE_2014_APR_GAS3_VINTAGE,GEE Live 2014 April GAS3,IMF.RES.GEE,GEE_LIVE_2014_APR_GAS3_VINTAGE,1.0.0,IMF.RES.GEE:GEE_LIVE_2014_APR_GAS3_VINTAGE(1.0.0)
IMF.RES.WEO:WEO_LIVE_2025_JUL_VINTAGE,WEO Live 2025 July,IMF.RES.WEO,WEO_LIVE_2025_JUL_VINTAGE,1.0.0,IMF.RES.WEO:WEO_LIVE_2025_JUL_VINTAGE(1.0.0)
IMF.RES.GEE:GEE_LIVE_2005_OCT_FINAL_VINTAGE,GEE Live 2005 October Final,IMF.RES.GEE,GEE_LIVE_2005_OCT_FINAL_VINTAGE,1.0.0,IMF.RES.GEE:GEE_LIVE_2005_OCT_FINAL_VINTAGE(1.0.0)
IMF.RES.GAS:GAS_LIVE_2016_OCT_GAS2_VINTAGE,GAS Live 2016 October GAS2,IMF.RES.GAS,GAS_LIVE_2016_OCT_GAS2_VINTAGE,1.0.0,IMF.RES.GAS:GAS_LIVE_2016_OCT_GAS2_VINTAGE(1.0.0)
IMF.STA:CPI_2026_JAN_VINTAGE,Consumer Price Index (CPI) 2026 January,IMF.STA,CPI_2026_JAN_VINTAGE,1.0.0,IMF.STA:CPI_2026_JAN_VINTAGE(1.0.0)
IMF.RES.WEO:WEO_LIVE_2003_OCT_VINTAGE,WEO Live 2003 October,IMF.RES.WEO,WEO_LIVE_2003_OCT_VINTAGE,1.0.0,IMF.RES.WEO:WEO_LIVE_2003_OCT_VINTAGE(1.0.0)
IMF.RES.WEO:WEO_LIVE_2007_APR_VINTAGE,WEO Live 2007 April,IMF.RES.WEO,WEO_LIVE_2007_APR_VINTAGE,1.0.0,IMF.RES.WEO:WEO_LIVE_2007_APR_VINTAGE(1.0.0)
IMF.RES.GAS:GAS_LIVE_2008_OCT_FINAL_VINTAGE,GAS Live 2008 October Final,IMF.RES.GAS,GAS_LIVE_2008_OCT_FINAL_VINTAGE,1.0.0,IMF.RES.GAS:GAS_LIVE_2008_OCT_FINAL_VINTAGE(1.0.0)
IMF.RES.GAS:GAS_LIVE_2015_OCT_FINAL_VINTAGE,GAS Live 2015 October Final,IMF.RES.GAS,GAS_LIVE_2015_OCT_FINAL_VINTAGE,1.0.0,IMF.RES.GAS:GAS_LIVE_2015_OCT_FINAL_VINTAGE(1.0.0)
IMF.RES.GAS:GAS_LIVE_2022_OCT_FINAL_VINTAGE,GAS Live 2022 October Final,IMF.RES.GAS,GAS_LIVE_2022_OCT_FINAL_VINTAGE,1.0.0,IMF.RES.GAS:GAS_LIVE_2022_OCT_FINAL_VINTAGE(1.0.0)
IMF.STA:CPI_2026_APR_VINTAGE,Consumer Price Index (CPI) 2026 April,IMF.STA,CPI_2026_APR_VINTAGE,1.0.0,IMF.STA:CPI_2026_APR_VINTAGE(1.0.0)
IMF.RES.GEE:GEE_LIVE_2006_APR_FINAL_VINTAGE,GEE Live 2006 April Final,IMF.RES.GEE,GEE_LIVE_2006_APR_FINAL_VINTAGE,1.0.0,IMF.RES.GEE:GEE_LIVE_2006_APR_FINAL_VINTAGE(1.0.0)
IMF.RES.GEE:GEE_LIVE_2018_APR_GAS3_VINTAGE,GEE Live 2018 April GAS3,IMF.RES.GEE,GEE_LIVE_2018_APR_GAS3_VINTAGE,1.0.0,IMF.RES.GEE:GEE_LIVE_2018_APR_GAS3_VINTAGE(1.0.0)
IMF.RES.WEO:WEO_LIVE_2022_APR_VINTAGE,WEO Live 2022 April,IMF.RES.WEO,WEO_LIVE_2022_APR_VINTAGE,1.0.0,IMF.RES.WEO:WEO_LIVE_2022_APR_VINTAGE(1.0.0)
IMF.RES.WEO:WEO_LIVE_2020_APR_ICP2017PPP_VINTAGE,WEO Live 2020 April (ICP2017PPP Weights),IMF.RES.WEO,WEO_LIVE_2020_APR_ICP2017PPP_VINTAGE,1.0.0,IMF.RES.WEO:WEO_LIVE_2020_APR_ICP2017PPP_VINTAGE(1.0.0)
IMF.RES.GEE:GEE_LIVE_2025_OCT_GAS2_VINTAGE,GEE Live 2025 October GAS2,IMF.RES.GEE,GEE_LIVE_2025_OCT_GAS2_VINTAGE,1.0.0,IMF.RES.GEE:GEE_LIVE_2025_OCT_GAS2_VINTAGE(1.0.0)
IMF.RES.GEE:GEE_LIVE_2012_OCT_FINAL_VINTAGE,GEE Live 2012 October Final,IMF.RES.GEE,GEE_LIVE_2012_OCT_FINAL_VINTAGE,1.0.0,IMF.RES.GEE:GEE_LIVE_2012_OCT_FINAL_VINTAGE(1.0.0)
IMF.RES.GAS:GAS_LIVE_2023_OCT_GAS3_VINTAGE,GAS Live 2023 October GAS3,IMF.RES.GAS,GAS_LIVE_2023_OCT_GAS3_VINTAGE,1.0.0,IMF.RES.GAS:GAS_LIVE_2023_OCT_GAS3_VINTAGE(1.0.0)
IMF.RES.GEE:GEE_LIVE_2020_APR_GAS3C_VINTAGE,GEE Live 2020 April GAS3c,IMF.RES.GEE,GEE_LIVE_2020_APR_GAS3C_VINTAGE,1.0.0,IMF.RES.GEE:GEE_LIVE_2020_APR_GAS3C_VINTAGE(1.0.0)
IMF.RES.GAS:GAS_LIVE_2022_JAN_GAS1B_VINTAGE,GAS Live 2022 January GAS1b,IMF.RES.GAS,GAS_LIVE_2022_JAN_GAS1B_VINTAGE,1.0.0,IMF.RES.GAS:GAS_LIVE_2022_JAN_GAS1B_VINTAGE(1.0.0)
IMF.RES.GAS:GAS_LIVE_2016_APR_FINAL_VINTAGE,GAS Live 2016 April Final,IMF.RES.GAS,GAS_LIVE_2016_APR_FINAL_VINTAGE,1.0.0,IMF.RES.GAS:GAS_LIVE_2016_APR_FINAL_VINTAGE(1.0.0)
IMF.RES.GAS:GAS_LIVE_2021_JUL_GAS1_VINTAGE,GAS Live 2021 July GAS1,IMF.RES.GAS,GAS_LIVE_2021_JUL_GAS1_VINTAGE,1.0.0,IMF.RES.GAS:GAS_LIVE_2021_JUL_GAS1_VINTAGE(1.0.0)
IMF.RES.WEO:WEO_LIVE_2010_OCT_VINTAGE,WEO Live 2010 October,IMF.RES.WEO,WEO_LIVE_2010_OCT_VINTAGE,1.0.0,IMF.RES.WEO:WEO_LIVE_2010_OCT_VINTAGE(1.0.0)
IMF.RES.GEE:GEE_LIVE_2015_OCT_GAS3_VINTAGE,GEE Live 2015 October GAS3,IMF.RES.GEE,GEE_LIVE_2015_OCT_GAS3_VINTAGE,1.0.0,IMF.RES.GEE:GEE_LIVE_2015_OCT_GAS3_VINTAGE(1.0.0)
IMF.RES.GEE:GEE_LIVE_2013_JAN_FINAL_VINTAGE,GEE Live 2013 January Final,IMF.RES.GEE,GEE_LIVE_2013_JAN_FINAL_VINTAGE,1.0.0,IMF.RES.GEE:GEE_LIVE_2013_JAN_FINAL_VINTAGE(1.0.0)
IMF.RES.GAS:GAS_LIVE_2014_OCT_GAS2_VINTAGE,GAS Live 2014 October GAS2,IMF.RES.GAS,GAS_LIVE_2014_OCT_GAS2_VINTAGE,1.0.0,IMF.RES.GAS:GAS_LIVE_2014_OCT_GAS2_VINTAGE(1.0.0)
IMF.RES.GEE:GEE_LIVE_2020_JAN_FINAL_VINTAGE,GEE Live 2020 January Final,IMF.RES.GEE,GEE_LIVE_2020_JAN_FINAL_VINTAGE,1.0.0,IMF.RES.GEE:GEE_LIVE_2020_JAN_FINAL_VINTAGE(1.0.0)
IMF.RES.GAS:GAS_LIVE_2023_JUL_GAS1_VINTAGE,GAS Live 2023 July GAS1,IMF.RES.GAS,GAS_LIVE_2023_JUL_GAS1_VINTAGE,1.0.0,IMF.RES.GAS:GAS_LIVE_2023_JUL_GAS1_VINTAGE(1.0.0)
IMF.RES.WEO:WEO_LIVE_2002_SEP_VINTAGE,WEO Live 2002 September,IMF.RES.WEO,WEO_LIVE_2002_SEP_VINTAGE,1.0.0,IMF.RES.WEO:WEO_LIVE_2002_SEP_VINTAGE(1.0.0)
IMF.RES.GAS:GAS_LIVE_2024_APR_GAS3_VINTAGE,GAS Live 2024 April GAS3,IMF.RES.GAS,GAS_LIVE_2024_APR_GAS3_VINTAGE,1.0.0,IMF.RES.GAS:GAS_LIVE_2024_APR_GAS3_VINTAGE(1.0.0)
IMF.RES.WEO:WEO_LIVE_2025_OCT_VINTAGE,WEO Live 2025 October,IMF.RES.WEO,WEO_LIVE_2025_OCT_VINTAGE,1.0.0,IMF.RES.WEO:WEO_LIVE_2025_OCT_VINTAGE(1.0.0)
IMF.RES.GAS:GAS_LIVE_2021_OCT_GAS3_VINTAGE,GAS Live 2021 October GAS3,IMF.RES.GAS,GAS_LIVE_2021_OCT_GAS3_VINTAGE,1.0.0,IMF.RES.GAS:GAS_LIVE_2021_OCT_GAS3_VINTAGE(1.0.0)
IMF.RES.GAS:GAS_LIVE_2011_JUN_GAS1_VINTAGE,GAS Live 2011 June GAS1,IMF.RES.GAS,GAS_LIVE_2011_JUN_GAS1_VINTAGE,1.0.0,IMF.RES.GAS:GAS_LIVE_2011_JUN_GAS1_VINTAGE(1.0.0)
IMF.RES.WEO:WEO_LIVE_2018_JUL_VINTAGE,WEO Live 2018 July,IMF.RES.WEO,WEO_LIVE_2018_JUL_VINTAGE,1.0.0,IMF.RES.WEO:WEO_LIVE_2018_JUL_VINTAGE(1.0.0)
IMF.RES.GAS:GAS_LIVE_2016_JUL_GAS1B_VINTAGE,GAS Live 2016 July GAS1b,IMF.RES.GAS,GAS_LIVE_2016_JUL_GAS1B_VINTAGE,1.0.0,IMF.RES.GAS:GAS_LIVE_2016_JUL_GAS1B_VINTAGE(1.0.0)
IMF.RES.GEE:GEE_LIVE_2020_JUN_GAS1_VINTAGE,GEE Live 2020 June GAS1,IMF.RES.GEE,GEE_LIVE_2020_JUN_GAS1_VINTAGE,1.0.0,IMF.RES.GEE:GEE_LIVE_2020_JUN_GAS1_VINTAGE(1.0.0)
IMF.RES.GEE:GEE_LIVE_2023_OCT_GAS2_VINTAGE,GEE Live 2023 October GAS2,IMF.RES.GEE,GEE_LIVE_2023_OCT_GAS2_VINTAGE,1.0.0,IMF.RES.GEE:GEE_LIVE_2023_OCT_GAS2_VINTAGE(1.0.0)
IMF.RES.WEO:WEO_LIVE_2014_JAN_VINTAGE,WEO Live 2014 January,IMF.RES.WEO,WEO_LIVE_2014_JAN_VINTAGE,1.0.0,IMF.RES.WEO:WEO_LIVE_2014_JAN_VINTAGE(1.0.0)
IMF.RES.GEE:GEE_LIVE_2020_APR_FINAL_VINTAGE,GEE Live 2020 April Final,IMF.RES.GEE,GEE_LIVE_2020_APR_FINAL_VINTAGE,1.0.0,IMF.RES.GEE:GEE_LIVE_2020_APR_FINAL_VINTAGE(1.0.0)
IMF.RES.GEE:GEE_LIVE_2016_APR_GAS3_VINTAGE,GEE Live 2016 April GAS3,IMF.RES.GEE,GEE_LIVE_2016_APR_GAS3_VINTAGE,1.0.0,IMF.RES.GEE:GEE_LIVE_2016_APR_GAS3_VINTAGE(1.0.0)
IMF.RES.WEO:WEO_LIVE_1994_OCT_VINTAGE,WEO Live 1994 October,IMF.RES.WEO,WEO_LIVE_1994_OCT_VINTAGE,1.0.0,IMF.RES.WEO:WEO_LIVE_1994_OCT_VINTAGE(1.0.0)
IMF.RES.GEE:GEE_LIVE_2015_JUL_GAS1_VINTAGE,GEE Live 2015 July GAS1,IMF.RES.GEE,GEE_LIVE_2015_JUL_GAS1_VINTAGE,1.0.0,IMF.RES.GEE:GEE_LIVE_2015_JUL_GAS1_VINTAGE(1.0.0)
